Source,Target,Weight
maga,trumptrain,7143
maga,americafirst,6760
maga,trumppence16,6565
maga,draintheswamp,6443
maga,trump,5636
maga,podestaemails28,4213
maga,imwithher,4097
maga,hillaryindictment,3593
maga,maga3x,3107
maga,votetrump,2902
maga,hillary,2721
maga,tcot,2527
maga,5days,2447
maga,neverhillary,2213
maga,wikileaks,2113
maga,pawnstars,1941
maga,podestaema,1537
maga,trump2016,1449
maga,periscope,1369
maga,lockherup,1266
maga,pjnet,1171
maga,ccot,1134
maga,crookedhillary,1097
maga,gop,1089
maga,hillaryfor,934
maga,dobbs,900
maga,,837
maga,wonderwoman,835
maga,d,823
maga,trumppence,823
maga,podestaemails27,736
maga,northcarolina,720
maga,millennials,710
maga,votetrumppence,701
maga,hillaryforprison,635
maga,h,587
maga,3wordmotivationalspeech,583
maga,wakeupamerica,568
maga,clintonfoundation,558
maga,fbi,554
maga,trum,545
maga,indicthillary,523
maga,makeamericagreatagain,516
maga,clinton,485
maga,melaniaspeech,484
maga,pennsylvania,482
maga,trumppence2016,449
maga,hillarysemails,422
maga,buildthewall,419
maga,respect,406
maga,thursdaythoughts,400
maga,norefugees,385
maga,nevertrump,384
maga,votetrumppence16,380
maga,vot,378
maga,rednationrising,364
maga,corruption,359
maga,hillaryindicment,357
maga,nc,352
maga,vote,351
maga,hillaryclinton,317
maga,2a,312
maga,benghazi,307
maga,nevada,305
maga,debate,293
maga,pa,292
maga,trumppencelandslide,285
maga,trumplandslide,285
maga,melania4flotus,282
maga,iowa,276
maga,ohio,274
maga,dems4trump,269
maga,feelthebern,269
maga,lnyhbt,256
maga,trumpsarmy,252
maga,podestaemails,249
maga,tgdn,248
maga,election2016,248
maga,usa,239
maga,trumpstrong,238
maga,imwithyou,228
maga,donaldtrump,225
maga,hillaryforprision,219
maga,newhampshire,218
maga,jobs,214
maga,fl,212
maga,tr,209
maga,vo,205
maga,womenfortrump,205
maga,uniteblue,195
maga,priorities,194
maga,ohhillno,194
maga,bringdownthering,185
maga,imaginetrumpsamerica,183
maga,1a,172
maga,nextflotus,172
maga,imwithhim,171
maga,breaking,167
maga,pode,167
maga,wednesdaywisdom,162
maga,demexit,159
maga,trumppen,158
maga,nra,155
maga,elections2016,155
maga,electionday,153
maga,mi,150
maga,hillarysindictme,146
maga,msm,145
maga,obama,139
maga,benghazineverforget,139
maga,yeswecan,137
maga,payforplay,135
maga,votetrump2016,130
maga,blacksfortrump,127
maga,scotus,126
maga,onlytrump,123
maga,hillarylies,121
maga,strongertogether,120
maga,co,119
maga,fbireopenscase,118
maga,magax3,118
maga,bluelivesmatter,117
maga,melaniatrump,117
maga,government,116
maga,michigan,116
maga,dr,113
maga,trumparmy,113
maga,florida,112
maga,lolitaexpress,112
maga,america,112
maga,women4trump,112
maga,schoolchoice,110
maga,election,110
maga,wi,105
maga,voterfraud,104
maga,t,103
maga,teamtrump,103
maga,trumppe,102
maga,blm,102
maga,hillarybecause,101
maga,p2,100
maga,gohillary,100
maga,saveamerica,100
maga,isis,100
maga,dumptrump,97
maga,unify,97
maga,blacks4trump,96
maga,tru,94
maga,masa,94
maga,clintoncrimefamily,94
maga,latinos4trump,94
maga,women,92
maga,potus,91
maga,2,90
maga,fl4trump,90
maga,oh,90
maga,gloriaallred,90
maga,1,89
maga,teamkj,89
maga,israel,89
maga,jillnothill,86
maga,tlot,85
maga,vets,84
maga,nv,84
maga,hillary4prison,84
maga,trumpsarm,84
maga,trumppence1,83
maga,coup,82
maga,podestaemails26,81
maga,wikileaksphase3,81
maga,feminist,81
maga,cubs,80
maga,nj,79
maga,obamacare,79
maga,p,78
maga,cnn,78
maga,nh,78
maga,ameri,77
maga,tampa,76
maga,corrupthillary,75
maga,dnc,75
maga,worldseries,75
maga,blacklivesmatter,71
maga,absenteeballot,70
maga,a,69
maga,retweet,69
maga,hi,69
maga,va,69
maga,az,68
maga,trumptra,67
maga,ncpol,66
maga,ga,66
maga,miami,66
maga,ca,65
maga,foxnews,65
maga,voteblue,64
maga,bikers4trump,63
maga,infowars,63
maga,latino,62
maga,melania,61
maga,realdonaldtrump,61
maga,lawandorder,61
maga,theview,61
maga,govote,61
maga,womenwhovotetrump,59
maga,deplorable,59
maga,polls,59
maga,anythingbutislam,58
maga,riggedsystem,58
maga,ny,58
maga,hannity,58
maga,game7,58
maga,raleigh,58
maga,nhsen,58
maga,military,57
maga,hil,57
maga,truth,57
maga,presidenttrump,56
maga,trump16,55
maga,podesta,55
maga,ma,55
maga,wethepeople,55
maga,trumprally,55
maga,vote2016,55
maga,kellyfile,54
maga,jews4trump,53
maga,tx,53
maga,democrats,53
maga,msnbc,53
maga,dems,53
maga,trumpwillwin,51
maga,orlando,51
maga,timeforn,51
maga,veterans,50
maga,basketofdeplorables,50
maga,draintheswam,49
maga,abc,49
maga,isl,49
maga,deplorables,48
maga,amish,48
maga,hillarys,48
maga,podesta28,48
maga,catholic,48
maga,basementdwellers,48
maga,yesweklan,47
maga,wisconsin,47
maga,nbc,46
maga,crookeddonald,46
maga,pardonmewhile,46
maga,selma,46
maga,loves,45
maga,makeamericawhiteagain,45
maga,lancasterpa,45
maga,yep,45
maga,getthembuggiesout,45
maga,texas,45
maga,com,44
maga,cruzcrew,44
maga,sickhillary,44
maga,bernieorbust,44
maga,riggedelection,44
maga,prolife,44
maga,religionofpeace,43
maga,islam,43
maga,hillarysindictment,43
maga,cbs,43
maga,makeamericasafeagain,42
maga,placeboing,42
maga,tiot,42
maga,ytp,42
maga,nastywoman,41
maga,weinergate,41
maga,clintoncash,41
maga,comey,41
maga,cubswin,41
maga,voters,40
maga,doj,40
maga,gaysfortrump,40
maga,ohiovoters,40
maga,hillaryforprison2016,39
maga,clintonscandals,39
maga,maddow,39
maga,students,39
maga,alwaystrump,39
maga,hillaryemails,39
maga,nov8th,38
maga,gopwomen,38
maga,paytoplay,38
maga,lolitagate,38
maga,ctl,37
maga,huma,37
maga,vegas,37
maga,indicthillaryclinton,37
maga,8-Nov,37
maga,strongerwithouther,37
maga,leadright2016,37
maga,bigleaguetruth,37
maga,hillarysemail,36
maga,justvote,36
maga,ut,36
maga,brexit,36
maga,donthecon,36
maga,nypdsvu,36
maga,lyinghillary,35
maga,weiner,35
maga,hillary2016,34
maga,boycottnfl,34
maga,stopthesteal,34
maga,topprog,34
maga,hrc,34
maga,bernie,33
maga,flotus,33
maga,rico,33
maga,debatenight,33
maga,evilhillary,33
maga,rnc,33
maga,drainthes,33
maga,makeaustraliagreatagain,33
maga,wa,32
maga,putinspuppet,32
maga,colorado,32
maga,virginia,32
maga,choochoo,32
maga,borschtboydonald,32
maga,noamnesty,32
maga,godblessamerica,31
maga,nev,31
maga,followthemoney,31
maga,hilla,31
maga,youtube,31
maga,deplorablesfortrump,31
maga,8days,31
maga,podestaemail,31
maga,clintoncartel,30
maga,russia,30
maga,rigged,30
maga,trumpsterwarriors,29
maga,donlemon,29
maga,msmlies,29
maga,obamacarefail,29
maga,florida4trump,29
maga,chrisstevens,29
maga,prayfortrump,28
maga,6daystogo,28
maga,inners,28
maga,constitution,28
maga,corruptdoj,28
maga,ohi,28
maga,hillaryindictmen,28
maga,christiansfortrump,28
maga,pedophile,28
maga,trumpt,28
maga,trumps,28
maga,bet,28
maga,trumptaxreturns,27
maga,fbicomey,27
maga,roar11816,27
maga,univision,27
maga,dtmag,27
maga,christian,27
maga,corruptclintons,27
maga,mediabias,27
maga,magamaga3x,26
maga,georgesoros,26
maga,floridafortrump,26
maga,philly,26
maga,ac360,26
maga,naacp,26
maga,orpuw,26
maga,wadr,26
maga,trumplies,26
maga,tedcruz,26
maga,altright,26
maga,clintonemails,26
maga,berniesanders,25
maga,silentmajority,25
maga,indicther,25
maga,veritas,25
maga,usmc,25
maga,trumpwins,25
maga,milwaukee,25
maga,podesta26,25
maga,reno,25
maga,magawomen4trumprealdonaldt,25
maga,corrupt,25
maga,freejulian,24
maga,votingmachines,24
maga,nvvoteschat,24
maga,earlyvoting,24
maga,gettysburg,24
maga,h2h4tru,24
maga,treason,24
maga,il,24
maga,viral,24
maga,waar,24
maga,banislam,24
maga,trumpampmaga,24
maga,911truth,24
maga,saveourchildren,24
maga,clintoncrimesyndicate,24
maga,teaparty,24
maga,movement,24
maga,nationalstressawarenessday,23
maga,2016electioninamovie,23
maga,securetheborder,23
maga,ncsen,23
maga,wakepa,23
maga,trumpstar,23
maga,pleasegtthx,23
maga,election16,23
maga,but,23
maga,tpp,22
maga,ycot,22
maga,independent4trump,22
maga,news,22
maga,indictmentislikely,22
maga,imwithtur,22
maga,drainthe,22
maga,iftrumpwereblack,22
maga,indictment,22
maga,drudgereport,22
maga,crooked,22
maga,donatetodonald,22
maga,denver,22
maga,klout,22
maga,donnabrazile,21
maga,italians4trump,21
maga,corruptmedia,21
maga,liar,21
maga,humaabedin,21
maga,radio,21
maga,ivoted,21
maga,freedom,21
maga,drain,21
maga,democrat,21
maga,trumphate,21
maga,pray,20
maga,whitehouse,20
maga,hillaryshuma,20
maga,pedophileprophet,20
maga,fuckyourjihad,20
maga,pre,20
maga,wakeup,20
maga,libcrib,20
maga,lovetrumpshate,20
maga,neverhillar,20
maga,lyingliberals,20
maga,starp,19
maga,madasmonroe,19
maga,womenforhillary,19
maga,vote16,19
maga,never,19
maga,trumpslide,19
maga,billclinton,19
maga,trumpforpresident,19
maga,rednationr,19
maga,notwithher,19
maga,herliesmatter,19
maga,nypd,19
maga,trumpisarapist,19
maga,maine,19
maga,clintonkaine2016,19
maga,lgbtq,19
maga,pence,19
maga,team,18
maga,politics,18
maga,voteagainstcorruption,18
maga,nm,18
maga,or,18
maga,rt,18
maga,killary,18
maga,americans,18
maga,lockthemup,18
maga,trumptrainyou,18
maga,vetsfortrump,18
maga,wearrednowto,18
maga,cdnpoli,18
maga,ericgarner,17
maga,neverhill,17
maga,floridavote,17
maga,podestaemails29,17
maga,rednationri,17
maga,wow,17
maga,fo,17
maga,gotrump,17
maga,im,17
maga,latinoswithtrump,17
maga,utah,17
maga,dikileaks,17
maga,quote,17
maga,deplorablesunite,17
maga,mexico,17
maga,topoli,17
maga,podestaemail28,17
maga,crushing,16
maga,dmyourcrushday,16
maga,podestaemails24,16
maga,scalia,16
maga,trafficking,16
maga,media,16
maga,clintonindictment,16
maga,nhpolitics,16
maga,pennsylvaniafortrump,16
maga,hillbullies,16
maga,hillarysamerica,16
maga,savethechildren,16
maga,turnncblue,16
maga,911,16
maga,hill,16
maga,africanamericans,16
maga,unitebl,15
maga,neverforget,15
maga,lock,15
maga,lockh,15
maga,despicable,15
maga,newyork,15
maga,boycottmegynkelly,15
maga,emailleaks,15
maga,ct,15
maga,trumptruth,15
maga,wtf,15
maga,la,15
maga,imstillwithher,15
maga,voav,15
maga,trumprape,15
maga,early,15
maga,hillaryindi,15
maga,clintoncorruption,15
maga,imwither,15
maga,unitedstatesmarines,15
maga,poll,15
maga,imw,15
maga,trumptheestablishment,15
maga,globalism,15
maga,countercoup,15
maga,shariahkills,15
maga,drainth,15
maga,jillstein,15
maga,stopthemadness,15
maga,dncexit,14
maga,clintons,14
maga,trump45,14
maga,nationalsandwichday,14
maga,podestaemails25,14
maga,mmm,14
maga,winning,14
maga,love,14
maga,fridayfeeling,14
maga,altrightmeans,14
maga,wiunion,14
maga,cultureofcorrup,14
maga,notfit,14
maga,evil,14
maga,sorrybernie,14
maga,ocra,14
maga,anonymous,14
maga,christians4trump,14
maga,republicans,14
maga,crookedmedia,14
maga,stophillary,14
maga,trumpwon,14
maga,presidential,14
maga,journalismisdead,13
maga,texanswithtrump,13
maga,trend,13
maga,trumpfilmnoir,13
maga,dikil,13
maga,shameonher,13
maga,impeachobama,13
maga,charlotte,13
maga,whitegenocide,13
maga,withher,13
maga,sexring,13
maga,buildthatwall,13
maga,bringbernieback,13
maga,imnotwithher,13
maga,christians,13
maga,podesta27,13
maga,thefive,13
maga,daily,13
maga,pedogate,13
maga,realbencarson,13
maga,clintonpedoring,13
maga,makethistrend,13
maga,teamfl,12
maga,inditehillary,12
maga,dra,12
maga,45,12
maga,stocks,12
maga,2016election,12
maga,makethisviral,12
maga,beatma,12
maga,lgbt,12
maga,miamicounty,12
maga,nb,12
maga,carnegiemellon,12
maga,protectlife,12
maga,kironskinner,12
maga,pod,12
maga,trumptruck,12
maga,shewasright,12
maga,millionmaskmarch,12
maga,prayforamerica,12
maga,obstruction,12
maga,projectveritasaction,12
maga,lorretalynch,12
maga,irs,12
maga,forlife,12
maga,perjury,12
maga,hackinghillary,12
maga,clintoncrimefamil,12
maga,powerofprayer,12
maga,decision2016,12
maga,iamwithher,12
maga,nationalsecurity,11
maga,betsyriot,11
maga,arizona,11
maga,gooddeedfeed,11
maga,catholics,11
maga,nevert,11
maga,8thofnovember,11
maga,clintonkaine,11
maga,liberals,11
maga,togetherwewin,11
maga,trumptreason,11
maga,neverclinton,11
maga,thinkbeforeyouvote,11
maga,vote4trump,11
maga,fbileaks,11
maga,firstlady,11
maga,thankyouwikileaks,11
maga,trumptr,11
maga,oba,11
maga,mustread,11
maga,indictmentlikely,11
maga,dallas,11
maga,emailscandal,11
maga,security,11
maga,ncvotesearly,11
maga,blacktwitter,11
maga,traitor,11
maga,bringithome,11
maga,electionfraud,11
maga,feelthejohnson,11
maga,freecone4trump,11
maga,termlimits,11
maga,nastywoma,11
maga,icecream,11
maga,summerzervos,11
maga,takeamericaback,11
maga,imwithher2016,11
maga,thankyoujulian,11
maga,scandalabra,11
maga,change,11
maga,notstaged,11
maga,c,10
maga,anthonyweiner,10
maga,slickwilley,10
maga,neverh,10
maga,sharia,10
maga,votingtrump,10
maga,megynkelly,10
maga,black,10
maga,mikepence,10
maga,newhampshirefortrump,10
maga,congress,10
maga,relationships,10
maga,hillaryshealth,10
maga,mn,10
maga,potus2016,10
maga,re,10
maga,podestae,10
maga,army,10
maga,president,10
maga,bern,10
maga,julianassangemaga,10
maga,mourinhoout,10
maga,nohillary,10
maga,cmaawards50,10
maga,podestaleaks,10
maga,neverhil,10
maga,draintheswa,10
maga,onlytogether,10
maga,hilaryindictment,10
maga,marriage,10
maga,i,9
maga,r,9
maga,votetrumpandthrive,9
maga,moyesin,9
maga,clintonbodycount,9
maga,twinsfortrump,9
maga,hacktheplanet,9
maga,clintoncoup,9
maga,hillarycare,9
maga,ad,9
maga,trumptv,9
maga,trumphypocrisy,9
maga,mk,9
maga,garyjohnson,9
maga,decisionday,9
maga,wiki,9
maga,fraud,9
maga,twins,9
maga,deleteyourcrook,9
maga,unity,9
maga,hillary4prison2016,9
maga,disarmthedoj,9
maga,berniesupporters,9
maga,uppusa,9
maga,bigfndeal,9
maga,soros,9
maga,nevertrum,9
maga,nasara,9
maga,millennialsfortrump,9
maga,clintonpedophilia,9
maga,neverhillaryclinton,9
maga,thu,8
maga,groundgame,8
maga,ronaldreagan,8
maga,spiritcooking,8
maga,patriot,8
maga,5wordseduction,8
maga,nascar,8
maga,drainthemediaswamp,8
maga,scandals,8
maga,lockhimup,8
maga,podestaemails22,8
maga,crashingandburning,8
maga,trumpthevote,8
maga,hillaryindictm,8
maga,podes,8
maga,getbacktowork,8
maga,brindownthering,8
maga,boycottcorruptmedia,8
maga,ohiofortrump,8
maga,podestaemai,8
maga,jewsfortrump,8
maga,sw4t,8
maga,projectveritas,8
maga,trumpinjax,8
maga,vets4trump,8
maga,tolerance,8
maga,swamprats,8
maga,ok,8
maga,donnabrazille,8
maga,us,8
maga,millenials4trump,8
maga,wilikleaks,8
maga,mufc,8
maga,nevertrumpers,8
maga,drainthesw,8
maga,shortcircuithillary,8
maga,billclintonisarapist,8
maga,electio,8
maga,clintonnewsnetwork,8
maga,obamasamerica,8
maga,safety,8
maga,uncc,8
maga,harryreid,8
maga,caft,8
maga,weinerleaks,8
maga,blacks,8
maga,sot,8
maga,loser,8
maga,magatrump,8
maga,imwithtrump,8
maga,til,7
maga,gotv,7
maga,notmeus,7
maga,supportourtroops,7
maga,trumpfraud,7
maga,imwithh,7
maga,irsteaparty,7
maga,3wordmotivationalspeechequality,7
maga,philadelphia,7
maga,stoptppnow,7
maga,podestaemails2,7
maga,votetrumptuesday,7
maga,woke,7
maga,bluestates,7
maga,trumpcreatesjobs,7
maga,clintonsexring,7
maga,hillaryclintons,7
maga,revolution,7
maga,republican,7
maga,riggedmedia,7
maga,gohillary2prison,7
maga,gunrights,7
maga,uspoli,7
maga,votetrumpandth,7
maga,buildt,7
maga,trumpalooza,7
maga,michiganfortrump,7
maga,hillaryfortreason,7
maga,trumpmovement,7
maga,evanmcmullin,7
maga,trumpland,7
maga,libtards,7
maga,eday,7
maga,mt,7
maga,tc,7
maga,votetrump16,7
maga,vp,7
maga,mediabiascorruption,7
maga,honorthem,7
maga,crook,7
maga,votedtrump,7
maga,gotvtrump,7
maga,arkansas,7
maga,godblessusa,7
maga,wiright,7
maga,breakingnews,7
maga,hangobamafortreason,7
maga,dragonlady,7
maga,gays4trump,7
maga,winterville,7
maga,terribletrump,7
maga,united,7
maga,triumphtrump,7
maga,americalets,7
maga,gloriaindictment,7
maga,powerful,7
maga,trump2,7
maga,trumpfascism,7
maga,impeachhillary,7
maga,rva,7
maga,emails,7
maga,teamtrumppa,7
maga,mischief,7
maga,epstein,7
maga,neverhilary,7
maga,asians4trump,7
maga,stopher,7
maga,ca4trump,7
maga,voteyourfuture,7
maga,moleg,7
maga,magaput,7
maga,pardommewhile,7
maga,bestelectionever,6
maga,goviral,6
maga,m,6
maga,n,6
maga,w,6
maga,biasedmedia,6
maga,nomorelies,6
maga,freemilo,6
maga,petsfortrump,6
maga,law,6
maga,crookedhillarys,6
maga,libya,6
maga,imwi,6
maga,electionsmatter,6
maga,crookedclintons,6
maga,hillarymsm,6
maga,shepardsmith,6
maga,cuck,6
maga,yuge,6
maga,pjne,6
maga,effctr,6
maga,abortion,6
maga,redsox,6
maga,libertarian,6
maga,turnpared,6
maga,economy,6
maga,debates,6
maga,ohhillyes,6
maga,hillar,6
maga,thefixisin,6
maga,donaldtrumpisoverparty,6
maga,copolitics,6
maga,nasty,6
maga,redpill,6
maga,biafrafortrump,6
maga,cosproject,6
maga,wetworks,6
maga,obamaknew,6
maga,wethepeoplevotetrump,6
maga,unfit,6
maga,dc,6
maga,warning,6
maga,scary,6
maga,ne,6
maga,trumppenc,6
maga,sa,6
maga,themovement,6
maga,ambridge,6
maga,lies,6
maga,hillaryindic,6
maga,julianassange,6
maga,obamasf,6
maga,johnmolesta,6
maga,econo,6
maga,novembersurprise,6
maga,american,6
maga,america1st,6
maga,liberty,6
maga,trumprape2016,6
maga,dishonestmedia,6
maga,trumpignorance,6
maga,lastchance,6
maga,travel,6
maga,trickortreat,6
maga,blackwomenvote,6
maga,nomoreclintonsinthewhitehouse,6
maga,2016,6
maga,hurricanematthew,6
maga,greta,6
maga,trumprevolution,6
maga,military2016,6
maga,underthebus,6
maga,bombshell,6
maga,independents,6
maga,airforce,6
maga,thursdaythought,6
maga,all,6
maga,breakthefoundation,6
maga,dojcollusion,6
maga,trumpsters,6
maga,nasa,6
maga,navy,6
maga,pardonhillary,6
maga,defundpp,6
maga,hillaryemailscandal,6
maga,trumpleaks,6
maga,hispanics,6
maga,putin,6
maga,socialmedia,6
maga,thematrixit,6
maga,eternalgospel,6
maga,unhinged,5
maga,b,5
maga,hexit,5
maga,irandeal,5
maga,stopthecorruption,5
maga,beautiful,5
maga,mepolitics,5
maga,muslim,5
maga,firecomey,5
maga,defeatteump,5
maga,votehillary2016,5
maga,twitter,5
maga,lol,5
maga,clintoncampaign,5
maga,unitedwestand,5
maga,votered,5
maga,wakeupa,5
maga,sacrifice,5
maga,weinermail,5
maga,stoptrump,5
maga,disgusting,5
maga,supremecourt,5
maga,jesus,5
maga,sanders,5
maga,policelivesmatter,5
maga,prouddeplorable,5
maga,wewillrise,5
maga,ivankatrump,5
maga,trumpquake,5
maga,tellthetruth,5
maga,podestaemails23,5
maga,california,5
maga,hillarysbrain,5
maga,hanghillary,5
maga,mlksociety,5
maga,childtrafficking,5
maga,citizensfortrump,5
maga,latinosfortrump,5
maga,maga2016,5
maga,donaldt,5
maga,womanvotetrump,5
maga,canada,5
maga,proudamerican,5
maga,enoughalready,5
maga,clintonpedophile,5
maga,octobersurprise,5
maga,voteguilty,5
maga,cnnsucks,5
maga,corruptmsm,5
maga,proudtobeanamerican,5
maga,gotvforhrc,5
maga,bigleague,5
maga,obamas,5
maga,fbisongs,5
maga,democraticvalues,5
maga,halloween,5
maga,teamhillary,5
maga,uber,5
maga,al,5
maga,htgawm,5
maga,magaheads,5
maga,keepfighting,5
maga,ia,5
maga,newtgingrich,5
maga,morons,5
maga,flotusmelania,5
maga,po,5
maga,life,5
maga,pittsburgh,5
maga,kidsfortrump,5
maga,greysanatomy,5
maga,nytimes,5
maga,onehotmess,5
maga,2adefenders,5
maga,pbs,5
maga,illegals,5
maga,thursdaynightfootball,5
maga,latinosgovote,5
maga,hellnohillary,5
maga,mourinho,5
maga,imwith,5
maga,starprotector,5
maga,marathon,5
maga,scumbagtrump,5
maga,pompanobeach,5
maga,trumppense,5
maga,kasich,5
maga,landslide,5
maga,trumpsurge,5
maga,fuvote,5
maga,patriots,5
maga,pay2play,5
maga,illinois,5
maga,nodapl,5
maga,criminalhillary,5
maga,terrorist,5
maga,opdeatheaters,5
maga,red,5
maga,biafra,5
maga,constitutionalcrisis,5
maga,buildthewal,5
maga,justwindonald,5
maga,womancard,5
maga,pathetic,5
maga,partialbirthabortion,5
maga,hillarysliesmatter,5
maga,clintonchildren,5
maga,clintonsmemory,5
maga,sad,5
maga,uselection,5
maga,trump1916,5
maga,wearred,5
maga,petition,5
maga,repealandreplace,5
maga,electionnight,5
maga,manbaby,5
maga,2ndamendment,5
maga,australia,5
maga,debateelection,5
maga,hispanics4trump,5
maga,americafir,5
maga,hillaryvstrump,5
maga,endcorruption,5
maga,racism,5
maga,v,4
maga,gop3,4
maga,clintonmafia,4
maga,usafreedom,4
maga,gohill,4
maga,barackobama,4
maga,podestaem,4
maga,trumpence16,4
maga,womenfortrumpshare,4
maga,ladies4trump,4
maga,crookedweiner,4
maga,latinos,4
maga,3wordmotivationspeech,4
maga,trumpkins,4
maga,cucks,4
maga,phase3,4
maga,oreillyfactor,4
maga,deportbarron,4
maga,hillaryindictme,4
maga,marcorubio,4
maga,boycott,4
maga,makeamericawh,4
maga,arrestclintonnow,4
maga,wikilea,4
maga,trump20,4
maga,tksurprise,4
maga,hannit,4
maga,treygowdy,4
maga,fbifriday,4
maga,veterans4trump,4
maga,back,4
maga,nogop2016,4
maga,unf,4
maga,cyberbullying,4
maga,gaslighting,4
maga,donaldjtrump,4
maga,cute,4
maga,hillaryforprison2k16,4
maga,progress,4
maga,wienergate,4
maga,godblessyou,4
maga,freeassange,4
maga,bernie2016,4
maga,facebook,4
maga,churchasmovement,4
maga,americanismnotglobalism,4
maga,bullying,4
maga,maganever,4
maga,sheswithus,4
maga,communism,4
maga,basketofdeplorablestrumptrain,4
maga,neverhilla,4
maga,backthebadge,4
maga,hillno,4
maga,education,4
maga,anythingbutisla,4
maga,stonewall77,4
maga,pastors,4
maga,bluebloods,4
maga,theapprentice,4
maga,hillarykills,4
maga,nfl,4
maga,imwithnasty,4
maga,classyfirstlady,4
maga,trumpedfilm,4
maga,keeptexasred,4
maga,trumppencetrain,4
maga,ourrevolution,4
maga,neve,4
maga,womencanstoptrump,4
maga,abedin,4
maga,naziwomenvote,4
maga,ilblkcoalltiondirectortrump,4
maga,hillaryidicment,4
maga,nevertru,4
maga,usa1,4
maga,clueless,4
maga,dontpardonhillary,4
maga,1stpriority,4
maga,ripjournalism,4
maga,reagan,4
maga,faith,4
maga,nevertr,4
maga,melaniainpa,4
maga,teamtru,4
maga,peace,4
maga,kell,4
maga,cr,4
maga,ff,4
maga,trumpmovie,4
maga,catholicsfortrump,4
maga,johnsonweld2016,4
maga,muslims,4
maga,mediaforhillary,4
maga,earlyvoted,4
maga,arresthillary,4
maga,country,4
maga,maga3,4
maga,support,4
maga,opisis,4
maga,zionism,4
maga,independant,4
maga,americafi,4
maga,clinton2016,4
maga,loudobbs,4
maga,hero,4
maga,collusion,4
maga,dumpthetrump,4
maga,lesdeplorables,4
maga,americanism,4
maga,god,4
maga,liberal,4
maga,hillarystreason,4
maga,basketbuddies,4
maga,wake,4
maga,kennedy,4
maga,gtfo,4
maga,impeachment,4
maga,christiansvotetrump,4
maga,gunvote,4
maga,sethrich,4
maga,denisescott,4
maga,clintonpedophilering,4
maga,childsextrafficking,4
maga,mega,4
maga,redeye,4
maga,draint,4
maga,thankshuma,4
maga,podestaemals28,4
maga,youneedapaddedroom,4
maga,hillbots,4
maga,hilaryclinton,4
maga,clintonorganizedcrimering,4
maga,trumpvictorytuesday,4
maga,merica,4
maga,trumpvictory,4
maga,leadership,4
maga,immigrantsfortrump,4
maga,myfirsttweet,4
maga,underdog,4
maga,global,4
maga,benghazibutcher,4
maga,refugees,4
maga,untouchables,4
maga,dropouthillary,4
maga,hillaryscheating,4
maga,trumplove,4
maga,repatriateallmigrants,4
maga,corruptionatitsfinest,4
maga,demsfortrump,4
maga,pedophilia,4
maga,firedonnabrazille,4
maga,dtaintheswamp,4
maga,lastword,4
maga,crookedtwtr,4
maga,keywest,4
maga,crookeds,4
maga,alwaystrumppence,4
maga,hilaryforprison,4
maga,haiti,4
maga,veter,4
maga,veteransfortrump,4
maga,filth,4
maga,wilmingtonnc,4
maga,art,4
maga,trumpp,4
maga,infesting,4
maga,momentum,4
maga,newjersey,4
maga,cary,4
maga,pedophilering,4
maga,markcuban,4
maga,georgia,4
maga,heswithus,4
maga,busted,4
maga,tramptrain,4
maga,maryland,4
maga,bho,4
maga,watergate,4
maga,thoughtfulthursday,4
maga,smh,4
maga,immigrant,4
maga,trumpthatbitch,4
maga,hectormorenco,4
maga,foxnews2016,4
maga,126,4
maga,deportmelania,4
maga,aussiesfortrump,4
maga,hahaha,4
maga,boycottnflsponsors,4
maga,trumppencelandslide2016,4
maga,syrian,4
maga,atlvstb,4
maga,trumptrainwreck,4
maga,action4trump,4
maga,hardball,4
maga,donaldtrumpjr,4
maga,racist,4
maga,immoralhillary,3
maga,0,3
maga,paperballot,3
maga,voteforchange,3
maga,commanderinchieftrump,3
maga,s,3
maga,presstitutes,3
maga,hillaryendictment,3
maga,hillaryhatesamericans,3
maga,wearrednow,3
maga,gope,3
maga,blackwomen,3
maga,trump2016pence,3
maga,makeamericagr,3
maga,usavia,3
maga,votetrumppence2016,3
maga,magax1kbrunell,3
maga,treasonous,3
maga,factcheck,3
maga,toronto,3
maga,immigrants,3
maga,marketing,3
maga,source,3
maga,axebodyspray,3
maga,johns,3
maga,dickileaks,3
maga,citidiots,3
maga,toxicmasculinity,3
maga,destroyisis,3
maga,weneedtrump,3
maga,loc,3
maga,thedonald,3
maga,trumptrumptrump,3
maga,getoutthevote,3
maga,fixwhatsbrokenin5words,3
maga,riseup,3
maga,fuckingshameless,3
maga,deb,3
maga,votersuppresstion,3
maga,dem,3
maga,chicago,3
maga,savetheusa,3
maga,trumptsunami,3
maga,strongmilitary,3
maga,guncontrol,3
maga,oligarchs,3
maga,michiganmatters2016,3
maga,libtard,3
maga,louisiana,3
maga,anythi,3
maga,bleachbit,3
maga,kaine,3
maga,trumpfbicodename,3
maga,trumpisataxevader,3
maga,lying,3
maga,trumpandpence,3
maga,notabovethelaw,3
maga,mag,3
maga,truedishonesty,3
maga,ncfortrump,3
maga,establishment,3
maga,dts,3
maga,wikileaksemails,3
maga,blackliesmatterverylittle,3
maga,mustvotetrump,3
maga,morallybankrupt,3
maga,podestaemails16,3
maga,podestaemails11,3
maga,hillary4prision,3
maga,boycottkellyfile,3
maga,stfu,3
maga,heiswithus,3
maga,highenergy,3
maga,bordersecurity,3
maga,thischristianvotes,3
maga,lockthemallup,3
maga,clintonbullies,3
maga,comebackkid,3
maga,clintonprivilege,3
maga,female,3
maga,draftourdaughters,3
maga,marchforamerica16,3
maga,waroncops,3
maga,chocho,3
maga,shillforhillary,3
maga,neverhi,3
maga,earlyvote,3
maga,millenials,3
maga,stopthepot,3
maga,rackateeringclintons,3
maga,johnson,3
maga,berniegotrobbed,3
maga,voteearly,3
maga,glorioushat,3
maga,lyingmedia,3
maga,hillarycorrupt,3
maga,nastywomen,3
maga,trumpsamerica,3
maga,banmeimmigration,3
maga,cutestthingever,3
maga,teamiowa,3
maga,hillaryforpriso,3
maga,riggeddnc,3
maga,superpredators,3
maga,thinblueline,3
maga,pray4election,3
maga,centralpa,3
maga,motivationalmonday,3
maga,trump201,3
maga,humantrafficking,3
maga,clintonswaronwomen,3
maga,win,3
maga,nyc,3
maga,nomoreclintons,3
maga,ai,3
maga,am,3
maga,trumpstr,3
maga,fool,3
maga,adorabledeplorables,3
maga,commanders,3
maga,dn,3
maga,fx,3
maga,foxn,3
maga,trumptraf,3
maga,impeachlynch,3
maga,washingtondc,3
maga,nonstop4trump,3
maga,badhombres,3
maga,johnsonweld,3
maga,twisters,3
maga,drunkhillary,3
maga,sc,3
maga,email,3
maga,grabthembythepussy,3
maga,tn,3
maga,endthepurge,3
maga,censorship,3
maga,wo,3
maga,damn,3
maga,dalÃ©,3
maga,animalrights,3
maga,elections,3
maga,clintonchil,3
maga,fbianon,3
maga,criminal,3
maga,hillaryforindictment,3
maga,thinkers,3
maga,aodesigns,3
maga,tuesday,3
maga,biggovsucks,3
maga,rhodeisland,3
maga,prison,3
maga,itsamansjob,3
maga,hillarexit,3
maga,hillarymask,3
maga,neverkaine,3
maga,pandering,3
maga,whereshillary,3
maga,giuliani,3
maga,sandyberger,3
maga,shocking,3
maga,obamaslegacy,3
maga,keepamericagreat,3
maga,abolishirs,3
maga,deplorubusunum,3
maga,hillaryclinto,3
maga,trumpslyingliars,3
maga,hrc2016,3
maga,bringbackmoyes,3
maga,clintonfdn,3
maga,buildthe,3
maga,elitepedoring,3
maga,djt45,3
maga,avalancheofevidence,3
maga,pepe,3
maga,ruleoflaw,3
maga,trumpforceone,3
maga,justiceforbenghazi4,3
maga,letitrip,3
maga,infection,3
maga,sellout,3
maga,savingamerica,3
maga,wednesd,3
maga,neverforgetbenghazi,3
maga,values,3
maga,vetsagainsttrump,3
maga,ftlauderdale,3
maga,tuesdaymotivation,3
maga,rally,3
maga,hatsforthehomeless,3
maga,theriseisreal,3
maga,millennialsforhillary,3
maga,bully,3
maga,noglobalism,3
maga,debates2016,3
maga,rapisttrump,3
maga,dedicated,3
maga,stein,3
maga,retweeetplease,3
maga,trumptoon,3
maga,stopislam,3
maga,latinasfortrump,3
maga,hillarysweiner,3
maga,trumpnation,3
maga,classified,3
maga,health,3
maga,nyse,3
maga,heehaw,3
maga,worldseriesgame,3
maga,amjoy,3
maga,hypocrite,3
maga,wikkileaks,3
maga,saturday,3
maga,democracy,3
maga,aipac,3
maga,cheetojesus,3
maga,raleig,3
maga,slavery,3
maga,buildtheswamp,3
maga,hollary4prison,3
maga,pray4america,3
maga,hillyes,3
maga,corruptsystem,3
maga,hillaryhatesamerica,3
maga,whenwillpeoplewakeup,3
maga,washington,3
maga,stophijrah,3
maga,peacethroughstrength,3
maga,sorry,3
maga,trumpmaga,3
maga,hilarykkklinton,3
maga,anyth,3
maga,nafta,3
maga,globalist,3
maga,weiners,3
maga,missouri,3
maga,border,3
maga,crookedcomey,3
maga,inspiring,3
maga,trumpu,3
maga,losers,3
maga,foxldt,3
maga,reli,3
maga,neverhilliary,3
maga,impeachlorettalynch,3
maga,hillaryliesmatter,3
maga,landslidevictory,3
maga,kzoo,3
maga,slickwilly,3
maga,orgyisland,3
maga,undecidedvoters,3
maga,thepeople,3
maga,trumpsupporters,3
maga,buildth,3
maga,sha,3
maga,doublestandard,3
maga,costume,3
maga,realchange,3
maga,trumpforprision,3
maga,waronwomen,3
maga,boycottgoogle,3
maga,losertrump,3
maga,emptypromises,3
maga,wilkesbarre,3
maga,upnews,3
maga,amen,3
maga,turniowared,3
maga,traitorhillary,3
maga,imissyou,3
maga,scandal,3
maga,117,3
maga,greatnews,3
maga,islamistheproblem,3
maga,dumpthegope,3
maga,jacksonville,3
maga,bretbaier,3
maga,detroit,3
maga,newmexico,3
maga,americanhistorymonth,3
maga,makeamericasafe,3
maga,whatsnext,3
maga,deathbydemocrat,3
maga,boycottcnn,3
maga,jailher,3
maga,roar,3
maga,rudygiuliani,3
maga,gunporn,3
maga,landslide4trump,3
maga,byebye,3
maga,anythin,3
maga,lockheruptoo,3
maga,justice,3
maga,tea,2
maga,animallover,2
maga,energy,2
maga,hillaryisarapist,2
maga,3,2
maga,8,2
maga,mediacorruption,2
maga,gold,2
maga,everyvotecounts,2
maga,trumpdems,2
maga,secretservice,2
maga,l,2
maga,badhombre,2
maga,trumpmonstervote,2
maga,sunset,2
maga,trumppencelands,2
maga,trumpnow,2
maga,toocorrupt,2
maga,weld,2
maga,clinteastwood,2
maga,letsdothis,2
maga,hate,2
maga,crookedtrump,2
maga,syrianrefugees,2
maga,cma,2
maga,woman,2
maga,makerigreatagain,2
maga,cmu,2
maga,irony,2
maga,ontherecord,2
maga,neocons,2
maga,hillarious,2
maga,nukes,2
maga,ncga,2
maga,democratsdestructionofamerica,2
maga,hackingdemocracy,2
maga,hillarysbullies,2
maga,vote4trumppence,2
maga,christmas,2
maga,1600team,2
maga,stateofcorruption,2
maga,unfittobepresident,2
maga,trollasauruswrecks,2
maga,dishonestmsm,2
maga,integrity,2
maga,state,2
maga,bansharia,2
maga,mindblown,2
maga,womenagainstcrookedhillary,2
maga,deploreables,2
maga,stampedeoflove,2
maga,watch,2
maga,kadzik,2
maga,bias,2
maga,dogs,2
maga,tech,2
maga,thefbi,2
maga,house,2
maga,hillaryhasweinerproblems,2
maga,lyinted,2
maga,sweden,2
maga,recessionaceleb,2
maga,goodman,2
maga,birddogging,2
maga,greenville,2
maga,gamergate,2
maga,trumo2016,2
maga,chesschampion,2
maga,nbcnews,2
maga,girlsnightoutfortrump,2
maga,laurasilsby,2
maga,clintone,2
maga,bookreview,2
maga,lorettalynch,2
maga,endorsement,2
maga,dad,2
maga,trumpforpr,2
maga,religi,2
maga,unethical,2
maga,2adefender,2
maga,cantwait,2
maga,fuckislam,2
maga,trumpanzees,2
maga,wearred4trump,2
maga,voterid,2
maga,patriotismaboveparty,2
maga,grabembythe,2
maga,blackvote,2
maga,obamalegacy,2
maga,milo,2
maga,feelthetrump,2
maga,presidentialelection2016,2
maga,indicttheclintons,2
maga,hildebeest,2
maga,crookedhilliary,2
maga,endabortion,2
maga,kennedynation,2
maga,votegreen2016,2
maga,diy,2
maga,vetslivesmatter,2
maga,djt,2
maga,beautifulfirstfamily,2
maga,nuclear,2
maga,drainingtheswamp,2
maga,dumpryan,2
maga,cheesepizza,2
maga,whoistimkaine,2
maga,gohillarylockherup,2
maga,timeforpopularvote,2
maga,ginsburgtrumppence2016,2
maga,crookedobama,2
maga,dncinphl,2
maga,2-Nov,2
maga,ohiovote,2
maga,undecidedvoter,2
maga,legit,2
maga,manga,2
maga,ohvotesearly,2
maga,sorosforjail,2
maga,timkaine,2
maga,falseflag,2
maga,nortchcarolina,2
maga,trumpisallthatisgood,2
maga,turquoise,2
maga,liberalismisamentalillness,2
maga,nowplaying,2
maga,elitist,2
maga,neverc,2
maga,cubans,2
maga,allies,2
maga,worlds,2
maga,obamasfault,2
maga,ragheads,2
maga,blizzard,2
maga,uncuckthemedia,2
maga,pay4play,2
maga,bringfriend,2
maga,niggazpls,2
maga,majorcrimes,2
maga,podestaemails17,2
maga,podestaemails15,2
maga,6days,2
maga,podestaemails10,2
maga,criminality,2
maga,trumpinselma,2
maga,indicted,2
maga,71,2
maga,progun,2
maga,bart,2
maga,childabuse,2
maga,money,2
maga,revolt,2
maga,southcarolina,2
maga,auspol,2
maga,neverkillary,2
maga,corruptdnc,2
maga,specialprosecutor,2
maga,indict,2
maga,anythingbut,2
maga,indianapolis,2
maga,micdrop,2
maga,genocide,2
maga,drainthemsm,2
maga,lockthemalup,2
maga,cuckadoodledo,2
maga,msn,2
maga,fascism,2
maga,goodtimes,2
maga,freericky,2
maga,neverhillaryortrump,2
maga,desperate,2
maga,votelove,2
maga,bbcqt,2
maga,hillaryforpris,2
maga,minnesota,2
maga,clintoncriminals,2
maga,draintheswsmp,2
maga,spokanevalley,2
maga,libtrash,2
maga,trumpwhore,2
maga,jpnet,2
maga,fixpoorruthie,2
maga,votefortrump,2
maga,tuckercarlson,2
maga,jail,2
maga,migrants,2
maga,progressive,2
maga,youvebeentrumpedtoo,2
maga,refugeesnotwelcome,2
maga,felonyclinton,2
maga,karenpence,2
maga,wintervillenc,2
maga,ivanka,2
maga,termlimitsnow,2
maga,share,2
maga,perpwalk,2
maga,studentsfortrump,2
maga,trumpamppence,2
maga,wakeupameri,2
maga,teamtomi,2
maga,votersuppression,2
maga,goodriddance,2
maga,outnumbered,2
maga,clintonemailcrimes,2
maga,neon,2
maga,standtogther,2
maga,groundgamewe,2
maga,backtheblue,2
maga,hershey,2
maga,teambillionaire,2
maga,athiests,2
maga,youcantmakethisstuffup,2
maga,getbaracktowork,2
maga,wewillgetyououtmelania,2
maga,hillexit,2
maga,trumpga,2
maga,profitcenter,2
maga,sues,2
maga,repurpose,2
maga,nobama,2
maga,millenniums,2
maga,hillarysupporters,2
maga,dumpun,2
maga,war,2
maga,p2p,2
maga,african,2
maga,dicksoutforharambe,2
maga,crookedkingdom,2
maga,puertoricans,2
maga,makemarylandhomeagain,2
maga,ptsd,2
maga,imwithmelania,2
maga,etsy,2
maga,despised,2
maga,indictedtogether,2
maga,thiisnotok,2
maga,newyorkcity,2
maga,nwo,2
maga,jonsnow,2
maga,jillno,2
maga,biasmedia,2
maga,voted,2
maga,aweiner,2
maga,honest,2
maga,fuckyerguns,2
maga,podestemails27,2
maga,moyes,2
maga,pwned,2
maga,bi,2
maga,obamalies,2
maga,30yearsofbs,2
maga,wmu,2
maga,humanity,2
maga,cl,2
maga,refugeeswelcome,2
maga,savetheplanet,2
maga,votet,2
maga,portage,2
maga,regressiveleft,2
maga,ew,2
maga,fol,2
maga,trumpbus,2
maga,trumplandslide2016,2
maga,unitedstates,2
maga,shameonyou,2
maga,thecolossalclintoncon,2
maga,christianvotesmatter,2
maga,class,2
maga,2ndamd,2
maga,wearefl,2
maga,redstate,2
maga,deport,2
maga,pepesworl,2
maga,drai,2
maga,trumptrai,2
maga,maganeverhillary,2
maga,gays,2
maga,jo,2
maga,standwithcops,2
maga,youownit,2
maga,immigration,2
maga,trumpvote,2
maga,ky,2
maga,trumpthesystem,2
maga,deplorablesfortr,2
maga,that,2
maga,ms,2
maga,hillaryforgitmo,2
maga,humahasit,2
maga,humafallgirl,2
maga,no,2
maga,np,2
maga,legacy,2
maga,hillaryhiding,2
maga,bcot,2
maga,terrorists,2
maga,fight,2
maga,homeless,2
maga,nevereverquit,2
maga,ditchthebitch,2
maga,pa4trump,2
maga,nation,2
maga,aretheyforreal,2
maga,drip,2
maga,steinbaraka,2
maga,sikhs,2
maga,farmersfortrump,2
maga,clintoncabal,2
maga,governmentwaste,2
maga,thisisit,2
maga,thankfulthursday,2
maga,5daysleft,2
maga,anythingbuti,2
maga,realestate,2
maga,voteforamerica,2
maga,notrumpnovote,2
maga,rsbn,2
maga,corruptdems,2
maga,amazing,2
maga,donaltrump,2
maga,vt,2
maga,floridians,2
maga,saveourcountry,2
maga,hillarygropedme,2
maga,pussygate,2
maga,latinafortrump,2
maga,magas,2
maga,molonlabe,2
maga,unconvictedfelon,2
maga,forbs,2
maga,hillarycorruption,2
maga,bigly,2
maga,yolo,2
maga,hillaryimdicment,2
maga,walkingdead,2
maga,nope,2
maga,anythingb,2
maga,renegades,2
maga,usefulidiot,2
maga,retiretheclintonsnow,2
maga,clintonsforprison,2
maga,trumplady,2
maga,felon,2
maga,newsblurt,2
maga,unitedweare,2
maga,proudgop,2
maga,millennials4trump,2
maga,liberallogic,2
maga,tweeker,2
maga,wine,2
maga,selmanc,2
maga,podest,2
maga,vancouver,2
maga,stophillaryclinton,2
maga,handcuffhillary,2
maga,ripharambe,2
maga,openyoureyes,2
maga,got,2
maga,flytheflag,2
maga,buil,2
maga,gropegate,2
maga,ticktock,2
maga,taxpayers,2
maga,vpdebate,2
maga,licencefee,2
maga,brainwashed,2
maga,cateater,2
maga,lady,2
maga,biggerbasket,2
maga,floridavotes,2
maga,closernation,2
maga,supportourveterans,2
maga,drainherswamp,2
maga,5moredays,2
maga,syriafiles,2
maga,trumpracism,2
maga,meltdown,2
maga,holdingitdown,2
maga,fireryan,2
maga,turnoutfortrump,2
maga,banmsm,2
maga,istandwithisrael,2
maga,hillaryiscaligula,2
maga,flashmob,2
maga,hillarysidictment,2
maga,dncleaks,2
maga,imforher,2
maga,decal,2
maga,okeefe,2
maga,donttreadonme,2
maga,magaclintons,2
maga,lockthebitchup,2
maga,hashtag,2
maga,hillaryusesbleach,2
maga,wapo,2
maga,blink3times,2
maga,conservatives,2
maga,hillaryinaz,2
maga,trainsacominbaby,2
maga,judicialwatch,2
maga,video,2
maga,rovie,2
maga,facebooklive,2
maga,infrastructure,2
maga,bravery,2
maga,swampqueen,2
maga,voteherguilty,2
maga,afterberners,2
maga,slaves,2
maga,diamondandsilk,2
maga,elite,2
maga,lockhimuptoo,2
maga,disgrace,2
maga,trumppencetrai,2
maga,andthrowawaythekey,2
maga,tarmacmeeting,2
maga,hillaryemail,2
maga,bachabazi,2
maga,colddeadhands,2
maga,hillaryindicmentdraintheswamp,2
maga,history,2
maga,tacs,2
maga,hillarybusted,2
maga,indicthernov8,2
maga,clintonexit,2
maga,tlotinfowars,2
maga,emailgate,2
maga,swampdwellers,2
maga,carlosdanger,2
maga,agile,2
maga,erictrump,2
maga,birther,2
maga,leahr77,2
maga,posestaemails,2
maga,keepingitreal,2
maga,votehillary,2
maga,trumpmisogyny,2
maga,bernitdown,2
maga,stopbreakdowninruleoflaw,2
maga,sextrafficking,2
maga,throwawaythekey,2
maga,ricotheclintons,2
maga,ransom,2
maga,boycottmegyn,2
maga,catsf,2
maga,legaltaxes,2
maga,sackofshit,2
maga,boycotttrump,2
maga,exibition,2
maga,together,2
maga,classact,2
maga,puremichigan,2
maga,refugee,2
maga,donaldduck,2
maga,watchandlearn,2
maga,dojcorruption,2
maga,ncstate,2
maga,dentist,2
maga,friends,2
maga,berners,2
maga,hillaryscandals,2
maga,phones,2
maga,makeamericahonestagain,2
maga,votetrumpmills,2
maga,itsinourhands,2
maga,notpp,2
maga,linkup,2
maga,bernergate,2
maga,free,2
maga,wallpapers,2
maga,hillaryclint,2
maga,tcotpjnet,2
maga,liarinchief,2
maga,icc,2
maga,ice,2
maga,lationswithtrump,2
maga,pineviewforever,2
maga,wilileaks,2
maga,protestants,2
maga,hashtags,2
maga,educatedwomenvotetrump,2
maga,greenponzischeme,2
maga,hillaryiswicked,2
maga,americaisalreadygreat,2
maga,sackjose,2
maga,clintoncrimecartel,2
maga,freecollege,2
maga,nowedont,2
maga,vincefoster,2
maga,inditementhillary,2
maga,desperatehillary,2
maga,weinerroast,2
maga,lansing,2
maga,evangelical,2
maga,donaldtr,2
maga,presidentialelection,2
maga,fake,2
maga,first,2
maga,tolerantleft,2
maga,obozoworld,2
maga,bcpoli,2
maga,breaktheclintoncurse,2
maga,standwithtrump,2
maga,trumpbookreport,2
maga,bribery,2
maga,earlyvoters,2
maga,lasvegas,2
maga,hillaryconcede,2
maga,cominghome,2
maga,infowarsdrudgereport,2
maga,idaho,2
maga,wikileaksfo,2
maga,stateballotinitiatives,2
maga,nationalist,2
maga,sd4trump,2
maga,smartphones,2
maga,citizens,2
maga,concord,2
maga,rep,2
maga,signsatthegatesofhell,2
maga,podesta24,2
maga,podesta25,2
maga,supermoon,2
maga,syriagate,2
maga,emptychairs,2
maga,plannedparenthood,2
maga,oneamerica,2
maga,trumppride,2
maga,obamacarehurts,2
maga,boycottstarbucks,2
maga,donald,2
maga,landslide2016,2
maga,wakeupamer,2
maga,halloweenin5words,2
maga,gotrumpgo,2
maga,decisionamerica,2
maga,imwit,2
maga,bigbluewall,2
maga,pafortrump,2
maga,dump,2
maga,creamer,2
maga,liars,2
maga,debate2016,2
maga,takebackamerica,2
maga,cair,2
maga,evangelicals,2
maga,neverpaulryan,2
maga,ddos,2
maga,letsgetthispartystarted,2
maga,hillarygate,2
maga,cleveland,2
maga,staterunmedia,2
maga,delegates,2
maga,newsweek,2
maga,trumpenfÅ±hrer,2
maga,preach,2
maga,uniteagainsthillary,2
maga,pedophilebitch,2
maga,senate,2
maga,cnnsotu,2
maga,racketeeringhillary,2
maga,christinequinn,2
maga,lilitaexpress,2
maga,spokane,2
maga,fuckfacevonclownstick,2
maga,moon,2
maga,rolltide,2
maga,mustwatch,2
maga,wilmington,2
maga,trump2p16,2
maga,veteran,2
maga,exdemocratsfortrump,2
maga,bieber,2
maga,cougar,2
maga,fighttothefinish,2
maga,obamaforprison,2
maga,animallivesmatter,2
maga,usanotforsale,2
maga,bbc,2
maga,hindus,2
maga,ourre,2
maga,electionnightchecklist,2
maga,anythingbu,2
maga,joco,2
maga,imwithmolly,2
maga,bozo,2
maga,billclintonfortrump,2
maga,trump45thpresident,2
maga,watchthis,2
maga,trumppenceland,2
maga,clashdailyhttpstcophhflxzhp8,2
maga,bookem,2
maga,kristiansaucier,2
maga,sjt,2
maga,sjw,2
maga,brianfallon,2
maga,sick,2
maga,majority,2
maga,htgwm,2
maga,hilltreason,2
maga,trumpgreed,2
maga,betterwithouther,2
maga,world,2
maga,hillaryincuffs,2
maga,legalimmigrationreform,2
maga,trumptaxes,2
maga,prayfordjt,2
maga,govegan,2
maga,imwithhillary,2
maga,abovethelaw,2
maga,hillaryrottenclinton,2
maga,icymi,2
maga,sos,2
maga,hillaryhatesameri,2
maga,deplorablehillary,2
maga,parents,2
maga,andersoncooper,2
maga,birthday,2
maga,hillaryiscorrupt,2
maga,thevoice,2
maga,aliciamachad,2
maga,crookedfucks,2
maga,120,2
maga,welikemike,2
maga,gohillarygo,2
maga,vanre,2
maga,tloc,2
maga,alllivesmatter,2
maga,trump4humanity,2
maga,trumptight,2
maga,exitdnc,2
maga,indicth,2
maga,records,2
maga,morningjoe,2
maga,sniperfire,2
maga,deplorablechallenge,2
maga,ballots,2
maga,indictnow,2
maga,christianity,2
maga,kkk,2
maga,children,2
maga,blackvotesmatter,2
maga,hanghillary4treason,2
maga,trumppense16,2
maga,yourefired,2
maga,manchuriancandidate,2
maga,usvthem,2
maga,opjill,2
maga,buddhists,2
maga,nowar,2
maga,tbt,2
maga,blackamerica,2
maga,democratsforhillary,2
maga,creepygrandma,1
maga,3motivationalwords,1
maga,hilllary4prison,1
maga,virginiafortrump,1
maga,deleteyou,1
maga,mymuslimvote,1
maga,satan,1
maga,tee,1
maga,muslimbrotherhood,1
maga,ten,1
maga,nratv,1
maga,illegalimmigrants,1
maga,hillaryindicted,1
maga,warriorslivesmatter,1
maga,infosec16,1
maga,4,1
maga,left,1
maga,katesteinle,1
maga,thedailyshow,1
maga,heiswithherisrael,1
maga,tfw,1
maga,bengahzi,1
maga,trump4potus,1
maga,michaeltrimmshow,1
maga,hilldabeast,1
maga,muslimesavages,1
maga,golf,1
maga,chargespending,1
maga,closedborders,1
maga,clintonbribes,1
maga,f,1
maga,cfl,1
maga,troll,1
maga,foundingfathers,1
maga,indictclintons4racketeering,1
maga,police,1
maga,mytrump,1
maga,norway,1
maga,anythingbutisl,1
maga,infinity,1
maga,surgery,1
maga,presidenttrump16,1
maga,grownmencripplingeachother,1
maga,good,1
maga,somalia,1
maga,gohigh,1
maga,uneducated,1
maga,orpuwnra,1
maga,dumplarson,1
maga,ncaa,1
maga,drainworldss,1
maga,lesbiansfortrump,1
maga,cia,1
maga,cic,1
maga,thisisislam,1
maga,endtheclintons,1
maga,nowyoureaman,1
maga,clintonschildren,1
maga,denmark,1
maga,sorosthenazi,1
maga,iapolitics,1
maga,evangelicalchristian,1
maga,thesouthlostforareason,1
maga,friendsdontletfriendsvotehillary,1
maga,projection,1
maga,hillarysupporter,1
maga,patriotpride,1
maga,almostnevertrump,1
maga,blackamericans,1
maga,justicedepartment,1
maga,ÑÅÑˆ_°,1
maga,buffalobills,1
maga,feminismiscancer,1
maga,pedophillary,1
maga,blackmen,1
maga,goamerica,1
maga,underdoges,1
maga,greenskyperson,1
maga,lockhumauptoo,1
maga,tmz,1
maga,unema,1
maga,podestaemailcampaigningforacrook,1
maga,clintonsforsale,1
maga,voteagainstcorrupt,1
maga,liberalcrap,1
maga,intel,1
maga,tnf,1
maga,swingstate,1
maga,crazy,1
maga,silverlining,1
maga,remix,1
maga,pardonthepun,1
maga,votetr,1
maga,save,1
maga,bigbangtheory,1
maga,commonthieves,1
maga,militaryspttrump,1
maga,gaming,1
maga,hillaryforthebighouse,1
maga,asian,1
maga,nprlife,1
maga,wishing,1
maga,onenationundergod,1
maga,thetruthisoutthere,1
maga,worldserieschampions,1
maga,deleteyourself,1
maga,deportsoros2russia,1
maga,cot,1
maga,hilary,1
maga,hillary4pri,1
maga,lesm,1
maga,straightticket,1
maga,grassroots,1
maga,fbiemails,1
maga,fudt,1
maga,tro,1
maga,patriotic,1
maga,wethepeoplearecoming,1
maga,hillaryforprisin,1
maga,womanwhovotetrump,1
maga,truthbomb,1
maga,trumpinohio,1
maga,economists,1
maga,cro,1
maga,alcoholic,1
maga,griftersclintons,1
maga,bloodonherhands,1
maga,sharialaw,1
maga,ivotefortrump,1
maga,ldt,1
maga,truthtrumpslies,1
maga,clinton16,1
maga,mooch,1
maga,supertuesday,1
maga,trumwall,1
maga,bluechipsonthedips,1
maga,la4trump,1
maga,hillarycansuckittillshechokes,1
maga,gofundme,1
maga,press,1
maga,prosperty,1
maga,lenadunham,1
maga,trumporjohnson,1
maga,obamacarefailure,1
maga,dadlife,1
maga,trumpgroundgamefolks,1
maga,nonaps,1
maga,womenfortrumpbustour,1
maga,fucknyt,1
maga,riggedbigly,1
maga,babyhour,1
maga,bootsontheground,1
maga,twd,1
maga,entertainment,1
maga,warrior,1
maga,comstock,1
maga,climatechange,1
maga,gamechanger,1
maga,tsunami,1
maga,topcops,1
maga,indictehillary,1
maga,teap,1
maga,creation,1
maga,blackwomenfortrump,1
maga,lifezette,1
maga,angryoldwoman,1
maga,cwa,1
maga,torture,1
maga,prayer,1
maga,dirtydonald,1
maga,latinaequalpay,1
maga,hillaryinprision,1
maga,clintoncaine,1
maga,crookeddems,1
maga,insurance,1
maga,nicetry,1
maga,slapped,1
maga,americanpeoplefirst,1
maga,killaryandstinkypolitics,1
maga,glovesoff,1
maga,notokay,1
maga,lie,1
maga,detergent,1
maga,gopsabotage,1
maga,nevertrumper,1
maga,nevercllnton,1
maga,americanheroes,1
maga,shmatko,1
maga,delusionaldem,1
maga,boycottherbook,1
maga,arkansasthey,1
maga,actual,1
maga,privateemailserver,1
maga,prayerrequest,1
maga,gopmovement,1
maga,ibelieveyou,1
maga,cellardwellers,1
maga,twittercensorship,1
maga,endthemadness,1
maga,referendum,1
maga,saveourchristianfaith,1
maga,corruptgovt,1
maga,johnkasich,1
maga,trumplicans,1
maga,podestaemailsfiring,1
maga,takeourcountryback,1
maga,beabetsy,1
maga,murica,1
maga,anon,1
maga,greatfamilymotel,1
maga,teamtrump2016,1
maga,riggedmachines,1
maga,trump4prez,1
maga,disney,1
maga,finance,1
maga,seanhannity,1
maga,humaweiner,1
maga,sexslaveisland,1
maga,proudtobeadeplorable,1
maga,mvdsmd,1
maga,independenceday,1
maga,chantilly,1
maga,mountgretnalake,1
maga,destroy,1
maga,wrongcriminal,1
maga,trumpisnextpotus,1
maga,truthd,1
maga,lonestarlit,1
maga,2iowa,1
maga,lateshow,1
maga,prot,1
maga,manup,1
maga,imwithherinprison,1
maga,trumpvsgrump,1
maga,virginiabeach,1
maga,magareal,1
maga,gillespie,1
maga,texas4trumptexasmust,1
maga,shadowbanning,1
maga,comradetrump,1
maga,specialone,1
maga,nextfaketrumpvictim,1
maga,renegade,1
maga,orthodox,1
maga,keystone,1
maga,ruthginsberg,1
maga,sparks,1
maga,jeffzuckeru,1
maga,mediabully,1
maga,done,1
maga,standupforamerica,1
maga,dirjamescomey,1
maga,riggedelec,1
maga,trumpwinning,1
maga,kainewrecknice,1
maga,realhousewivesofatlanta,1
maga,insulted,1
maga,1atcot,1
maga,lsu,1
maga,flgop,1
maga,oops,1
maga,bayarea,1
maga,weaponizedautism,1
maga,womenffortrump,1
maga,10feethigher,1
maga,rednati,1
maga,capitol,1
maga,ufc,1
maga,takethefifth,1
maga,forwardtogether,1
maga,klauspabst,1
maga,stunning,1
maga,porkypig,1
maga,truegrit,1
maga,cnnforhillary,1
maga,thetippingpoint,1
maga,chairmanmccaul,1
maga,shoutout,1
maga,wattba,1
maga,bill,1
maga,padeplorables,1
maga,wwjd,1
maga,lwc,1
maga,votetrumpsaveamerica,1
maga,thegreatpolice,1
maga,littleleague,1
maga,fireher,1
maga,johnwayne,1
maga,lockthatbitchup,1
maga,leftism,1
maga,middleeast,1
maga,dhc,1
maga,iowa4trump,1
maga,oligarchy,1
maga,jobsforamerica,1
maga,business,1
maga,dotr,1
maga,trumpmentum,1
maga,participationtrophy,1
maga,nativeamerican,1
maga,warmongerclinton,1
maga,rev18,1
maga,lyi,1
maga,hollywood,1
maga,shadowban,1
maga,californianfortrump,1
maga,hisdespotclan,1
maga,boycottmsm,1
maga,msmscum,1
maga,dueprocess,1
maga,stophillaryslies,1
maga,hillary4gitmo,1
maga,brat,1
maga,theclintonbodycount,1
maga,sculptor,1
maga,weightloss,1
maga,toyota,1
maga,orangeisthenewpantsuit,1
maga,secureourborders,1
maga,drainthesewage,1
maga,dronephotgraphy,1
maga,freebasti,1
maga,podcast,1
maga,poetry,1
maga,zionistterrorism,1
maga,notaboutyou,1
maga,bsafunds,1
maga,blessed,1
maga,trumpsreich,1
maga,standforamerica,1
maga,stephanopoulos,1
maga,magaamp,1
maga,womenvote,1
maga,trumpgear,1
maga,allred,1
maga,unityspeech,1
maga,relig,1
maga,webelieveinyou,1
maga,usstrump,1
maga,thefallofhillary,1
maga,pitch,1
maga,clocksgoback,1
maga,nastywomenunite,1
maga,deflect,1
maga,liblogic,1
maga,curse,1
maga,justice4assange,1
maga,americafortrump,1
maga,legally,1
maga,melanie,1
maga,refugeesa,1
maga,mas,1
maga,twittercensoring,1
maga,nbc4dc,1
maga,restoreouramericanrepublic,1
maga,savethebabies,1
maga,loosemymonkey,1
maga,obamaisis,1
maga,lovemytrump,1
maga,magatrump2016,1
maga,usnavy,1
maga,obamafail,1
maga,main,1
maga,ddavid89,1
maga,veteans,1
maga,jamesbrown,1
maga,therealworld,1
maga,terrible,1
maga,carolina,1
maga,clintoninc,1
maga,cheating,1
maga,uniparty,1
maga,selectivereporting,1
maga,julian,1
maga,hillaryisdone,1
maga,stlouis,1
maga,letsgofloridians,1
maga,paradigm,1
maga,hillaryisaliar,1
maga,civilwar,1
maga,obamasucks,1
maga,crookedreid,1
maga,9news,1
maga,obamaletsvetsdiewhilewaitingcare,1
maga,hrcnbhowflotus,1
maga,make,1
maga,norapeugees,1
maga,hillaryindictmentbtch,1
maga,mfa,1
maga,weneedchange,1
maga,usaforsale,1
maga,sticktoacting,1
maga,orange,1
maga,duh,1
maga,artofthedeal,1
maga,wakeupamericamaga,1
maga,mfw,1
maga,trending,1
maga,moneylaundering,1
maga,patriotsvotetrump,1
maga,bullshit,1
maga,danger,1
maga,camnewton,1
maga,bryancranston,1
maga,granted,1
maga,presidency,1
maga,hiding,1
maga,comeygate,1
maga,debatecheater,1
maga,pollobserver,1
maga,clexit,1
maga,drawing,1
maga,hillaryforgallows,1
maga,nrawaar,1
maga,goals,1
maga,revoltion2016,1
maga,jankshasasmallweiner,1
maga,patriots4trump,1
maga,potustrump,1
maga,worldpeace,1
maga,wonderful,1
maga,assange,1
maga,makeobamasleepagain,1
maga,bama,1
maga,sxdoc,1
maga,wirig,1
maga,electionbreak,1
maga,wickedwitchofwashington,1
maga,obama4prison,1
maga,lynchloretta,1
maga,abusiverelationship,1
maga,feelthewein,1
maga,inditeher,1
maga,westernreligiouswar,1
maga,dirty,1
maga,clintonsewer,1
maga,nopic,1
maga,entrepreneur,1
maga,portsaintlucie,1
maga,semperfi,1
maga,gohillarytoprison,1
maga,nomoreillegals,1
maga,freefromobama,1
maga,trumppussygate,1
maga,damngina,1
maga,militia,1
maga,trumppower,1
maga,podestaemails20,1
maga,amishpac,1
maga,nevergrump,1
maga,woof,1
maga,mlb,1
maga,podestaemails18,1
maga,cnnsu,1
maga,waltdisney,1
maga,murderer,1
maga,women4,1
maga,novision4usa,1
maga,repulicans,1
maga,pedobear,1
maga,sexslavetrade,1
maga,hindusfortrump,1
maga,rhoa,1
maga,lgbtfortrump,1
maga,65,1
maga,68,1
maga,comeyresign,1
maga,lord,1
maga,fivefbiinvestigations,1
maga,taxtransparency,1
maga,globalwarming,1
maga,75,1
maga,shesouttacontrol,1
maga,hillaryforjail,1
maga,realamericanpatriots,1
maga,mcmillian,1
maga,theywanttoswayourminds,1
maga,endsanctuarycities,1
maga,agam,1
maga,weinermobile,1
maga,codewords,1
maga,deplorablemovingcompany,1
maga,loss,1
maga,humor,1
maga,clintonrape,1
maga,dontcountyourchickens,1
maga,johnpodesta,1
maga,nsodoesobamasnallwhocolluded,1
maga,trumpthatb,1
maga,existentialthreat,1
maga,trumpwomen,1
maga,missionary,1
maga,votetrumpnc,1
maga,babykiller,1
maga,gender,1
maga,americasmerkel,1
maga,duplicitous,1
maga,pictureworth1000words,1
maga,slave,1
maga,staystrongfbi,1
maga,justiceforstevens,1
maga,trumpiswithyou,1
maga,votetrump2016maga,1
maga,europe,1
maga,arlene,1
maga,coloradofortrump,1
maga,itdoesmakeadifference,1
maga,gloriaborger,1
maga,lastmirracle,1
maga,usaneverhillary,1
maga,mawa,1
maga,hilaryindicment,1
maga,missour,1
maga,feminineamerica4trump,1
maga,ebt,1
maga,regulations,1
maga,penceamovie,1
maga,odessansfortrump,1
maga,itsgettingout,1
maga,predidenttrump,1
maga,repealand,1
maga,regardingelectorialcollege,1
maga,sorosleak,1
maga,instablock,1
maga,msu,1
maga,burnthewitch,1
maga,unqualified,1
maga,voteblueupanddownballot,1
maga,lowt,1
maga,elvirasalazar,1
maga,mathchat,1
maga,californiadeplorable,1
maga,fascist,1
maga,hillarybirthdaygifts,1
maga,hillaryfail,1
maga,unite16,1
maga,mtv,1
maga,rafaelshmatko,1
maga,trumpby20,1
maga,sicktwistedmedia,1
maga,tacobowls,1
maga,neverdemocrats,1
maga,rememberinnovember,1
maga,trumpusa,1
maga,fatfuck,1
maga,prouddeplorablehere,1
maga,pollster,1
maga,latimes,1
maga,campaign2016,1
maga,bringbackjobs,1
maga,draitheswamp,1
maga,seigheil,1
maga,unitebiue,1
maga,itsalmostchristmaswhen,1
maga,twilightzone,1
maga,girlclub,1
maga,eff,1
maga,_´_____°_»ÑŒ_´Ñ‚Ñ€_°___¿,1
maga,makeamericagropeagain,1
maga,fantasticbeasts,1
maga,protectourconstitution,1
maga,rochester,1
maga,cuban,1
maga,carsoncity,1
maga,music,1
maga,felons,1
maga,chicagocubs,1
maga,getonthetrumptrain,1
maga,billclintoninc,1
maga,biased,1
maga,skimthescum,1
maga,selloutsanders,1
maga,vetsspttrump,1
maga,millionmanmarch,1
maga,msmbc,1
maga,theclintoncrimefamily,1
maga,physicalremoval,1
maga,whitetrash,1
maga,voteyourfury,1
maga,latinosfo,1
maga,stopbullying,1
maga,billoreilly,1
maga,millennialtalk,1
maga,campaignfinance,1
maga,hillarybribes,1
maga,comeyhearing,1
maga,abolishearlyvoting,1
maga,dodgydonald,1
maga,hightreasonspies,1
maga,bringbackourfrisbee,1
maga,jjauthor,1
maga,talkischeap,1
maga,texasforever,1
maga,paradeoforange,1
maga,godhelpusall,1
maga,votesmart,1
maga,michaelmoores,1
maga,dipshitnation,1
maga,hillshill,1
maga,hillarybullies,1
maga,husseinobama,1
maga,dchacks,1
maga,byefelicia,1
maga,obamathetraitorslickwillie,1
maga,pjnetorpuw,1
maga,femonazi,1
maga,oregonst,1
maga,sampw,1
maga,dinaldtrump,1
maga,free0hour,1
maga,housedivided,1
maga,justiceforbenghazi,1
maga,billybushmademedoit,1
maga,howdoyousleep,1
maga,blackwomendidthat,1
maga,endtimes,1
maga,concussion,1
maga,theblackslovetrump,1
maga,lamekaine,1
maga,serbiafortrump,1
maga,illuminati,1
maga,eco16,1
maga,45thpresidentdjt,1
maga,coachella,1
maga,rapist,1
maga,donaldtrumpforpresident,1
maga,gayslovetrump,1
maga,mexicans,1
maga,liberallies,1
maga,scum,1
maga,jake,1
maga,americansrock,1
maga,rice,1
maga,pbsnewshour,1
maga,nevertrumpstrongertogetherbasketofdeprobalestrumptower,1
maga,endcredits,1
maga,family,1
maga,hillarystandard,1
maga,ilovebeingwhite,1
maga,needylatinos,1
maga,babesfortrump,1
maga,ma4trump,1
maga,crookedsystem,1
maga,bravo,1
maga,hillarycl,1
maga,lowestcommondenominator,1
maga,youare,1
maga,americansfortrump,1
maga,deliverusfromhillary,1
maga,wetfortrump,1
maga,sema2016,1
maga,memorialstadium,1
maga,stompthewitch,1
maga,lifehack,1
maga,coverups,1
maga,nba,1
maga,womenempowerment,1
maga,austraila,1
maga,wareagle,1
maga,downinflames,1
maga,welovefags,1
maga,nopardon,1
maga,georgiafortrump,1
maga,noidnovote,1
maga,rushsig,1
maga,ohio4trump,1
maga,hillaryem,1
maga,racecard,1
maga,valid,1
maga,godwins,1
maga,periodsforpence,1
maga,getillegalsout,1
maga,rigg,1
maga,pissed,1
maga,mcgeeknows,1
maga,peopleofearth,1
maga,michiganmatters,1
maga,mtpol,1
maga,michelleobama,1
maga,hillaryclintonforpresident,1
maga,bushes,1
maga,stopsanctuarycities,1
maga,logic,1
maga,indictpodesta,1
maga,votesparrow,1
maga,compromisedjournalism,1
maga,cubanamericans,1
maga,lockherevilassup,1
maga,notok,1
maga,votejillstein,1
maga,jebbush,1
maga,americasmostwanted2beremovedfromoffice,1
maga,saudimoney,1
maga,coverup,1
maga,voteonline,1
maga,fakenativeamericanprincess,1
maga,shegotthequestionsfrom,1
maga,virginia4trump,1
maga,shame,1
maga,billtheraper,1
maga,indictments,1
maga,hillaryin,1
maga,theylive,1
maga,voteforher,1
maga,republicians,1
maga,hugedeals,1
maga,dirtydems,1
maga,hillaryliesamericansdie,1
maga,grump,1
maga,makeamericagagagain,1
maga,billclintonsarapist,1
maga,mcmullin,1
maga,philadelphia76ers,1
maga,gimmeafuckingbreak,1
maga,nhl,1
maga,protrump,1
maga,riggedreporting,1
maga,rhonj,1
maga,drainthedamnswamp,1
maga,benjaminbarber,1
maga,rino,1
maga,feckless,1
maga,hangobama4treason,1
maga,wikileakspodesta27,1
maga,hashtaghashtahhashtaghashbrowns,1
maga,filthygeorgesoros,1
maga,wanted,1
maga,outathepark,1
maga,podernfamily,1
maga,puthillayinprison,1
maga,gousa,1
maga,enemy,1
maga,magagtnews,1
maga,fightsharia,1
maga,insane,1
maga,backbone,1
maga,womenandchildren,1
maga,ghetto,1
maga,30pizza,1
maga,pamelageller,1
maga,wilightzone,1
maga,winwinwin,1
maga,nevercrookedhillary,1
maga,edchat,1
maga,frotus,1
maga,robbymook,1
maga,trumpslittlesupporters,1
maga,white,1
maga,redbationrising,1
maga,keepemdumb,1
maga,msmsucks,1
maga,huge,1
maga,commoncore,1
maga,hillaryunhinged,1
maga,innercircle,1
maga,neverted,1
maga,riggeddoj,1
maga,ignorance,1
maga,rallies,1
maga,nationalsecurityleak,1
maga,ustroops,1
maga,next,1
maga,unitednations,1
maga,stopvoterfraud,1
maga,pbrfinals,1
maga,syriangolanheight,1
maga,virginiadont,1
maga,green,1
maga,race,1
maga,newt,1
maga,latinoswithtrum,1
maga,nuffsaid,1
maga,npr,1
maga,boycottrump,1
maga,urban,1
maga,sticktosinging,1
maga,pardonmewhilei,1
maga,catho,1
maga,biafrans4trump,1
maga,uselections2016,1
maga,transfortrump,1
maga,wereoverhillary,1
maga,imwithsir,1
maga,taxes,1
maga,vote4change,1
maga,heriq,1
maga,crookeddc,1
maga,greed,1
maga,redwedding,1
maga,magahttpstcoywlupn1nqf,1
maga,teamilluminati,1
maga,turnitoff,1
maga,bakarisellers,1
maga,draintheeffingswamp,1
maga,fbn,1
maga,nrx,1
maga,nsa,1
maga,denial,1
maga,paygapmyth,1
maga,wpww,1
maga,majorfailure,1
maga,phuckpharrell,1
maga,savetherepublic,1
maga,clintonpolicies,1
maga,goodluck,1
maga,climate,1
maga,marcrich,1
maga,wrong,1
maga,hillarycheated,1
maga,wereinthistogether,1
maga,johnmccain,1
maga,proudpatriot,1
maga,monkey,1
maga,greatamericanroadtrip,1
maga,ppsellsbabyparts,1
maga,foia,1
maga,dallascowboys,1
maga,siouxindians,1
maga,jeffreyepstein,1
maga,khanconcreep,1
maga,leftard,1
maga,trumptalk,1
maga,doozie,1
maga,bedbathandbeyond,1
maga,melania4f,1
maga,makelobbyingfederaloffense,1
maga,pencecruz2020,1
maga,crookeddoj,1
maga,trumpfamily,1
maga,cheetodick,1
maga,market,1
maga,shill,1
maga,hollywoodsoutoftouch,1
maga,projectveri,1
maga,abortionholocaust,1
maga,felonycriminalintent,1
maga,nastywomam,1
maga,hillaryhateschristians,1
maga,trumpwillbeagreatprez,1
maga,candidate,1
maga,therighttalkusa,1
maga,seeyounexttuesday,1
maga,trudeau,1
maga,breach,1
maga,fbiinvestigation,1
maga,gaysfort,1
maga,demoines,1
maga,wjc,1
maga,schlongpass,1
maga,assclownobama,1
maga,nazirtdhttpstcouybpfokojn,1
maga,cuntvoters,1
maga,votocrat,1
maga,trumprallies,1
maga,davidduke,1
maga,fullrepeal,1
maga,memorialday,1
maga,partison,1
maga,hilaryforpri,1
maga,ag,1
maga,ak,1
maga,an,1
maga,lnyhbttlot,1
maga,saudi,1
maga,hangher,1
maga,ap,1
maga,ar,1
maga,as,1
maga,socute,1
maga,imwithherstrongertogether,1
maga,nevah,1
maga,ba,1
maga,mrbrexit,1
maga,likeaboss,1
maga,hillaryshack,1
maga,picturethatamerica,1
maga,takebackcanada,1
maga,wegohigh,1
maga,bo,1
maga,virus,1
maga,rape,1
maga,___¸Ñ€,1
maga,thisisamovement,1
maga,ntlsecurity,1
maga,kellyfiles,1
maga,irredeemable,1
maga,handcuffsforhillary,1
maga,hilllary,1
maga,deadmansswitch,1
maga,nramuseums,1
maga,obamainmiami,1
maga,lasobligaciones,1
maga,restorealliances,1
maga,breathe,1
maga,minorityvote,1
maga,runanthonyrun,1
maga,voter,1
maga,kellyfilea,1
maga,trumpwall,1
maga,progressives,1
maga,bustedbitch,1
maga,hillaryi,1
maga,hillaryforpr,1
maga,wom,1
maga,fnc,1
maga,burnthebitchdown,1
maga,creativity,1
maga,trumpkin,1
maga,boycottfoxnews,1
maga,stopcorruption,1
maga,sf86,1
maga,fns,1
maga,democracynow,1
maga,weneedtrumpforsanitynow,1
maga,warrenjeffs,1
maga,deletedemails,1
maga,foi,1
maga,mediapa,1
maga,fr,1
maga,amishfortrump,1
maga,voterrevolution,1
maga,fox,1
maga,jefferson,1
maga,starbucks,1
maga,2a1a,1
maga,imissmarco,1
maga,womennotobjects,1
maga,noshame,1
maga,pathtovictory,1
maga,hillaryclintonemails,1
maga,rockthevote,1
maga,welfare,1
maga,philadelphiaeagles,1
maga,educateyourself,1
maga,potussuchabitch,1
maga,trumpjr,1
maga,time4change,1
maga,gop2016,1
maga,hatesamerica,1
maga,gabai,1
maga,uspo,1
maga,madenewyorkgreatagain,1
maga,makedonalddrumpfagain,1
maga,reaganlegacy,1
maga,ivotetrump,1
maga,trumpit,1
maga,stripes4hillary,1
maga,teamwhite,1
maga,americafirs,1
maga,trumpcrimes,1
maga,oed,1
maga,ww3,1
maga,ke,1
maga,abyss,1
maga,trumptrainmaga,1
maga,secondamericanrevolution,1
maga,mcconnell4trump,1
maga,ko,1
maga,trumpszn,1
maga,ks,1
maga,grabourpussy,1
maga,thedangersofh,1
maga,lyingtrymp,1
maga,smallbiz,1
maga,pleadthefifth,1
maga,smithsonian,1
maga,mcmi,1
maga,lugenpresse,1
maga,evilgeorgesoros,1
maga,political,1
maga,momblogger,1
maga,sooomanyrubes,1
maga,collegefootball,1
maga,cantlosewhatyouneverhad,1
maga,graphicdesign,1
maga,md,1
maga,me,1
maga,parenting,1
maga,washingto,1
maga,mo,1
maga,americanvoter,1
maga,peacethroughstren,1
maga,hillarywillflee,1
maga,boughtandpaidfor,1
maga,pencerally,1
maga,deplorableme,1
maga,blmandbeyond,1
maga,tireless,1
maga,hillaryweiner,1
maga,trumpmn,1
maga,fbiprobe,1
maga,colinkaepernick,1
maga,spindoctor,1
maga,flyaceshigh,1
maga,draintheswanp,1
maga,potus45,1
maga,dronepilot,1
maga,fixit,1
maga,veeppenceampfam,1
maga,investigateyourjournalism,1
maga,sickandtired,1
maga,theybothsuck,1
maga,stupidityofgopvoters,1
maga,montel,1
maga,magahttpstcoapmokozvyj,1
maga,hillaryforamerica,1
maga,sports,1
maga,14words,1
maga,draintheswamo,1
maga,mcconnellsupportstrump,1
maga,forrestgump,1
maga,secretvoter,1
maga,painting,1
maga,disavow,1
maga,sayfie,1
maga,womensrights,1
maga,decals,1
maga,fbidocs,1
maga,prosparity,1
maga,okc,1
maga,indoctrinated,1
maga,latinovotes,1
maga,pathetichillary,1
maga,ukip,1
maga,melaniafirstlady,1
maga,clever,1
maga,liberaldelusions,1
maga,humanrights,1
maga,islamophobia,1
maga,dangerousdonald,1
maga,updateddownloadlink,1
maga,imwiththem,1
maga,lockher,1
maga,conservative,1
maga,freedomisnotfree,1
maga,seniors,1
maga,omg,1
maga,3wo,1
maga,kenya,1
maga,makeithappen,1
maga,formydaughter,1
maga,caution,1
maga,trumpsar,1
maga,humaabedinindictment,1
maga,aiag,1
maga,showusjulian,1
maga,jesuslove,1
maga,monster,1
maga,betteramerica,1
maga,tg,1
maga,tj,1
maga,ooc,1
maga,xaniatube,1
maga,outoftheshadowsintothelight,1
maga,un,1
maga,downwithmsm,1
maga,unhingedhillary,1
maga,hrcsupporters,1
maga,mourinhoforjail,1
maga,teambelhi,1
maga,this,1
maga,magaluf,1
maga,mobilemarketing,1
maga,crookedmediamaga,1
maga,jasonchaffetz,1
maga,drgina,1
maga,sheknows,1
maga,mtwga,1
maga,stumpinglikeaboss,1
maga,prestrumpampfamily,1
maga,thingskidssay,1
maga,wn,1
maga,wr,1
maga,thecatholic,1
maga,statemedia,1
maga,gay,1
maga,indictthemall,1
maga,wv,1
maga,fingernailsonachalkboard,1
maga,wy,1
maga,propangda,1
maga,hillarymedia,1
maga,jihad,1
maga,superior,1
maga,gbr,1
maga,sanantonio,1
maga,conn,1
maga,amazongiveaway,1
maga,nomikikonst,1
maga,troops,1
maga,usarmy,1
maga,iknewyouweremyfriendwhen,1
maga,oann,1
maga,theviewsucks,1
maga,pray4trump,1
maga,thiswillhappen,1
maga,force,1
maga,morallycorrupt,1
maga,gtawa,1
maga,cops,1
maga,melaniaflotus,1
maga,crooke,1
maga,wellsaid,1
maga,msnbcpulse,1
maga,smartmatic,1
maga,tanto,1
maga,americanunderdogs,1
maga,clintonconspiracy,1
maga,trumplive,1
maga,power,1
maga,crooks,1
maga,godfaimlycountry,1
maga,illegality,1
maga,cool,1
maga,constituionalcrisis,1
maga,wearewinning,1
maga,election2,1
maga,help,1
maga,magaya,1
maga,paulryan,1
maga,amythrower2004,1
maga,neverryan,1
maga,bigot,1
maga,winteriscoming,1
maga,hilliary,1
maga,wrigleyville,1
maga,gfy,1
maga,feingold,1
maga,septastrike,1
maga,infowarsdrudgereportwikileaksfo,1
maga,enterovirus,1
maga,clintonbodycountclintonbodycount1,1
maga,trumpbot,1
maga,clintonthecon,1
maga,ivotedleave,1
maga,pleasedogo,1
maga,lesbianfortrump,1
maga,wecandothis,1
maga,spartans,1
maga,usafirst,1
maga,corruptclintonmachine,1
maga,wikileak,1
maga,dangerousirandeal,1
maga,bizarroworld,1
maga,supremacist,1
maga,aino,1
maga,sociopathic,1
maga,gis,1
maga,paytocoverup,1
maga,mrrapist,1
maga,goodbyehillary,1
maga,phillies,1
maga,liberalland,1
maga,proppedup,1
maga,northcarolinafortrump,1
maga,whichtrump,1
maga,americans4trump,1
maga,pedoclintons,1
maga,defystupid,1
maga,spooge,1
maga,german,1
maga,americanindians,1
maga,nastyhillary,1
maga,indictcorrupthillary,1
maga,racisttrump,1
maga,yogapants,1
maga,darkanddivisive,1
maga,sovereignty,1
maga,investing,1
maga,psychohillary,1
maga,anybodybutclinton,1
maga,karenpenceso,1
maga,charmcity,1
maga,thelongwalkhome,1
maga,hillarycampaign,1
maga,wolfblitzer,1
maga,defundlyingnasa,1
maga,thug,1
maga,pcruination,1
maga,nosferatuismycopilot,1
maga,makeamericahotagain,1
maga,throwthegopbumsout,1
maga,roesanne,1
maga,flapol,1
maga,illegalimmigration,1
maga,megankelly,1
maga,hacksawridge,1
maga,iwantmymoneyback,1
maga,tippingpointtake,1
maga,fauxsupport,1
maga,nothillary,1
maga,rachelmaddox,1
maga,trumplovesamerica,1
maga,treatsfortroops,1
maga,lookatthechildren,1
maga,exitpoll,1
maga,deceitful,1
maga,somethingaboutjews,1
maga,pervert,1
maga,sexist,1
maga,philam4trump,1
maga,smallbusiness,1
maga,union,1
maga,bbcnews,1
maga,whistleblowerwannabe,1
maga,theleft,1
maga,whinylittlebitch,1
maga,sheistheswamp,1
maga,keeponkeepingon,1
maga,spreaker,1
maga,idontrecall,1
maga,catholics4trump,1
maga,brigitte,1
maga,letsbefree,1
maga,rncincle,1
maga,apcucks,1
maga,clowntrain,1
maga,welcomehome,1
maga,magais,1
maga,contributed,1
maga,murder,1
maga,gorillam,1
maga,voteoutthisadministration,1
maga,finalpush,1
maga,wellsfargo,1
maga,2000amonth,1
maga,dontpardoncrookedhillary,1
maga,mychristianvote,1
maga,child,1
maga,emailscand,1
maga,unstopable,1
maga,nottoofarup,1
maga,christiansvote,1
maga,bluehandfamily,1
maga,voco,1
maga,psychology,1
maga,tlotinfowarsdrudgereport,1
maga,live,1
maga,shilluminati,1
maga,infowarscom,1
maga,brandnewcongress,1
maga,insults,1
maga,evolution,1
maga,niceandcool,1
maga,blackstripedids,1
maga,scottsdale,1
maga,silentcoup,1
maga,heyhillary,1
maga,feeltheburn,1
maga,gotvfortrump,1
maga,newyorkthen,1
maga,taxreturns,1
maga,nationaldayofencouragement,1
maga,whatsthehillarystandard,1
maga,sickofclintons,1
maga,lyingmsm,1
maga,ariz,1
maga,alinsky,1
maga,ni16,1
maga,makeam,1
maga,tarii,1
maga,thuglife,1
maga,momlife,1
maga,hillaryclintn,1
maga,birth,1
maga,everytown,1
maga,openborders,1
maga,liarforpower,1
maga,duckgate,1
maga,chinacheats,1
maga,electionrigged,1
maga,maryvale,1
maga,saturdaynight,1
maga,americcafirst,1
maga,dncfraud,1
maga,forthepeople,1
maga,disgusted,1
maga,native,1
maga,imprison,1
maga,timechange,1
maga,votefromhome,1
maga,noislam,1
maga,gomelania,1
maga,violence,1
maga,oregonians4trump,1
maga,putamericafirst,1
maga,uncletom,1
maga,damisbreaking,1
maga,berniesanders2016,1
maga,bluehand,1
maga,pedo,1
maga,666,1
maga,lowertaxes,1
maga,polusa,1
maga,delorables,1
maga,pebkac,1
maga,hacked,1
maga,independentvote,1
maga,corruptioninthewhitehouse,1
maga,mustshare,1
maga,supernatural,1
maga,sociopathdonald,1
maga,lacosaclinton,1
maga,libertarianconservative,1
maga,realprogress,1
maga,voterfrau,1
maga,veritasproject,1
maga,stock,1
maga,investigationx2,1
maga,starwars,1
maga,countrydivided,1
maga,wherethe13yearoldlatinas,1
maga,pjn,1
maga,canigetsomefrickinsharkswithsomefrickinlasersontheirheads,1
maga,foesad,1
maga,neverforget911,1
maga,unite,1
maga,bush,1
maga,twitterisdead,1
maga,design,1
maga,friday,1
maga,gowdyforsupremecourt,1
maga,statedept,1
maga,kellyanneconway,1
maga,prisonpotus,1
maga,doubtful,1
maga,damonyoung,1
maga,wewillneverforget,1
maga,mamawemadeit,1
maga,praisetrump,1
maga,randomactsofjournalism,1
maga,draintheswap,1
maga,voterfaud,1
maga,supporthillaryclinton,1
maga,getbent,1
maga,clintonfbi,1
maga,disgraceful,1
maga,electtrump,1
maga,indoctrination,1
maga,proudandpositive,1
maga,bythepeoplewell,1
maga,myorangeidiot,1
maga,resign,1
maga,comeymustresign,1
maga,cherylmills,1
maga,neverhellary,1
maga,hispanic,1
maga,funny,1
maga,yaf,1
maga,christ,1
maga,neverdespicable,1
maga,nomuslimbrotherhood,1
maga,aarp,1
maga,trumpedtoo,1
maga,unicorn,1
maga,texas4trump,1
maga,uscoastguard,1
maga,potusa,1
maga,thedebil,1
maga,canucks4trump,1
maga,goingdowninflames,1
maga,lynch,1
maga,pqp,1
maga,hag,1
maga,existential,1
maga,disappointed,1
maga,sikhsfortrump,1
maga,trumpits,1
maga,pro,1
maga,fanniegate,1
maga,corruptliberalmedia,1
maga,guilty,1
maga,hbo,1
maga,gorillamindset,1
maga,trumpphoenix,1
maga,californiansfortrump,1
maga,nationaldebt,1
maga,jewish,1
maga,texasvotes2016,1
maga,getsome,1
maga,intrumpwetrust,1
maga,arresthillarynow,1
maga,hillarygotti,1
maga,sanfrancisco,1
maga,gobigred,1
maga,cnnbrk,1
maga,wager,1
maga,clintonpardonsherself,1
maga,xlorangesuit,1
maga,capxsxs,1
maga,time,1
maga,koreanmonkeysfortrump,1
maga,sundayfunday,1
maga,puertoricanfortrump,1
maga,nobenefits4noncitizens,1
maga,resultados,1
maga,her,1
maga,buildthatw,1
maga,doyourhomework,1
maga,thecyber,1
maga,bananarepublic,1
maga,commanderinchief,1
maga,russian,1
maga,baptist,1
maga,tebowtime,1
maga,lockeherup,1
maga,hfp,1
maga,sonsofobozo,1
maga,firstladywithclass,1
maga,demexitnow,1
maga,erictrummp,1
maga,sickofhillary,1
maga,beyonce,1
maga,medialies,1
maga,goatcurse,1
maga,hispanicsfortrump,1
maga,alwaysisrael,1
maga,rebuildamerica,1
maga,wethepeoplearefedup,1
maga,norapefugees,1
maga,nogovtonlymastermedical,1
maga,happyhalloween,1
maga,stupidmorons,1
maga,hillaryvoter,1
maga,choice,1
maga,boycotttarget,1
maga,hbcuprom,1
maga,photooftheday,1
maga,corruptwashington,1
maga,podesteemails28,1
maga,nevada4trump,1
maga,socialsecurity,1
maga,treasonoushillary,1
maga,stopsexring,1
maga,kardashianmaga,1
maga,wearrednov8,1
maga,gross,1
maga,affordablecareact,1
maga,dogsfortrump,1
maga,antisemitism,1
maga,trumpforp,1
maga,lastweekton,1
maga,request,1
maga,kamatsu,1
maga,lilwayne,1
maga,lorettalynchindictment,1
maga,inductivist,1
maga,azvotetrump,1
maga,rinosforhillary,1
maga,elc2016,1
maga,hillaryclin,1
maga,hillarystitanic,1
maga,biasedpolls,1
maga,stevepieczenik,1
maga,nobrakes,1
maga,glennthrushresign,1
maga,13th,1
maga,vetsconstitution,1
maga,wickerpark,1
maga,noonelikesher,1
maga,cockroaches,1
maga,standdown,1
maga,thurs,1
maga,tntweeters,1
maga,sunshinestate,1
maga,byefeliciatrump,1
maga,dumpobamacare,1
maga,insanekaine,1
maga,ashburn,1
maga,scoundrel,1
maga,trumpahead,1
maga,hillaryhatescatholics,1
maga,liberalhypocrites,1
maga,turmpslide,1
maga,moltgov,1
maga,hillarypaysoff,1
maga,draintheswampcan,1
maga,obamanation,1
maga,tallahassee,1
maga,makethecase,1
maga,mckinneyampolive,1
maga,grandrapids,1
maga,godblesspence,1
maga,vitweet,1
maga,voted4trump,1
maga,crookedhuma,1
maga,newday,1
maga,trumpocrats,1
maga,billclintons,1
maga,2000,1
maga,dcinsid,1
maga,nebraskamaga,1
maga,justicewillcome,1
maga,gostraighttojail,1
maga,teamalpha,1
maga,ugliestamericanever,1
maga,jamescomey,1
maga,presidenttru,1
maga,henderson,1
maga,weineryardline,1
maga,hillaryious,1
maga,2amp2,1
maga,deceived,1
maga,lockherupdeplorables,1
maga,just,1
maga,shameful,1
maga,anythingbutis,1
maga,lawenforcement,1
maga,buyersremorse,1
maga,michael,1
maga,trexit,1
maga,cherylmillsindictment,1
maga,hillaryscreepers,1
maga,evangelicaltrump,1
maga,envy,1
maga,meme,1
maga,upland,1
maga,romney,1
maga,autocorrect,1
maga,nationaldisgrace,1
maga,somethingiscoming,1
maga,donaldyou,1
maga,ledeplorables,1
maga,gitmo,1
maga,cintonfoundation,1
maga,growthhacking,1
maga,clintons2gitmo,1
maga,americalovessherrifjoe,1
maga,hiphop,1
maga,exmuslim,1
maga,hypocrites,1
maga,liberalcorruption,1
maga,proudboys,1
maga,lovethisguy,1
maga,chtistiansfortrump,1
maga,whoismakingamericagreattoday,1
maga,repealthe19th,1
maga,hildebeast,1
maga,blackchildren,1
maga,timeforchange,1
maga,godblesstheusa,1
maga,crazyshit,1
maga,kermit,1
maga,trumpforallpeoplethankyouwayne,1
maga,sosafe,1
maga,trigger,1
maga,urdad,1
maga,bringclassback,1
maga,blamerussia,1
maga,makeamericafreeagain,1
maga,mena,1
maga,justicescalias,1
maga,sikhsforhillary,1
maga,lyincrookedhillary,1
maga,godblessdonaldtrump,1
maga,lyingpress,1
maga,mustsee,1
maga,onenation,1
maga,electoralcollege,1
maga,myassgotate,1
maga,thehappywarrior,1
maga,withhim,1
maga,firsttimevoter,1
maga,certificate,1
maga,dangerous,1
maga,pjnettwitter,1
maga,carminezozzora,1
maga,hillaryforpresident,1
maga,painkillers,1
maga,hypocrisy,1
maga,neverhillarynevertrump,1
maga,hellary,1
maga,obstructionofjustice,1
maga,censoring,1
maga,ignorant,1
maga,crazierthancrazy,1
maga,fire,1
maga,desperatedems,1
maga,unitedfortrump,1
maga,telepromptergotemagain,1
maga,richmond,1
maga,rudy,1
maga,unqualifedtrump,1
maga,traitors,1
maga,righteouscross,1
maga,presidentdonaldjtrump,1
maga,reaganlandslide,1
maga,drudgereportwikileaksfo,1
maga,mtyga,1
maga,banmuslims,1
maga,psychotic,1
maga,treasonouspig,1
maga,grandmaseesthelight,1
maga,inaugurationday,1
maga,mainstreammedia,1
maga,fact,1
maga,abortionismurder,1
maga,obamafailure,1
maga,equality,1
maga,lasimportantes,1
maga,feelgood,1
maga,people,1
maga,iloveyou,1
maga,trumpforpresident2016,1
maga,magadonaldtrump,1
maga,nationalwearredday,1
maga,yankees,1
maga,weare,1
maga,lockheru,1
maga,strongagain,1
maga,hellno,1
maga,weinerprobe,1
maga,hillary4pris,1
maga,queenofcoruption,1
maga,obeythelaw,1
maga,radicalfeminists,1
maga,admirable,1
maga,palestine,1
maga,buryhillary,1
maga,ido,1
maga,prayingfortrump,1
maga,badfood,1
maga,november8th,1
maga,reasons,1
maga,delusionaldems,1
maga,electoralfraud,1
maga,lawsuit,1
maga,pissoff,1
maga,fags,1
maga,purge,1
maga,joseout,1
maga,clintonfoundationcorruption,1
maga,godblesstexas,1
maga,childsexring,1
maga,madness,1
maga,oathkeepers,1
maga,evangelicals4trump,1
maga,getinthosebuggys,1
maga,louisanna,1
maga,indiana,1
maga,gobacktoworkpotus,1
maga,sayitloud,1
maga,wearetheleft,1
maga,prayingforjustice,1
maga,oldestpresidentever,1
maga,deleteyourbitch,1
maga,hillaryemailscan,1
maga,uraniumone,1
maga,politic,1
maga,fakerepub,1
maga,usairforce,1
maga,pennsylvannia,1
maga,keepfightingthegoodfight,1
maga,themostdistrustednameinnews,1
maga,newyorkfortrump,1
maga,bigdifference,1
maga,fail,1
maga,gobolts,1
maga,cruzsupportstrump,1
maga,utahvotes,1
maga,betrayed,1
maga,sandiego,1
maga,makemichigangreatagain,1
maga,perversion,1
maga,eauclaire,1
maga,church,1
maga,immunity,1
maga,freepepe,1
maga,unpatriotic,1
maga,foreign,1
maga,womenforwomen,1
maga,notfittobedogcatcher,1
maga,gncinhou,1
maga,nnamdikanu,1
maga,magaeucommission,1
maga,proudamericans,1
maga,chrismatthews,1
maga,memes,1
maga,failedpresident,1
maga,betterwithfriends,1
maga,imalwaysinspiredby,1
maga,worsethanwatergate,1
maga,affordablehealthcare,1
maga,bestinshow,1
maga,rolltrumproll,1
maga,atkinson,1
maga,perfect,1
maga,sometimesitsokto,1
maga,freeamerica,1
maga,conspiracy,1
maga,louisianaflood,1
maga,deplorabledonna,1
maga,votedjt,1
maga,obamafa,1
maga,thefarm,1
maga,godshelp,1
maga,no3rdobama,1
maga,pedophiles,1
maga,proimmagration,1
maga,neverhillarydraintheswamp,1
maga,thinskinnedunhinged,1
maga,womanfortrump,1
maga,potusacompletedisappointment,1
maga,maganow,1
maga,dailybeast,1
maga,freesheriffjoe,1
maga,godblesstrump,1
maga,assploding,1
maga,tarheel,1
maga,crookkkeddonald,1
maga,standwithpat,1
maga,indictthebitch,1
maga,anthonyweinerspenis,1
maga,shameless,1
maga,shesisgrace,1
maga,trade,1
maga,greenacres,1
maga,partypolitics,1
maga,twitterfolks,1
maga,ephesians,1
maga,nevergiveup,1
maga,airforceone,1
maga,megynfail,1
maga,alaska,1
maga,banallmuslims,1
maga,floridatrumptrain,1
maga,wolverines,1
maga,ashamed,1
maga,lvgin,1
maga,specialreport,1
maga,isla,1
maga,wakepamerica,1
maga,charged,1
maga,crookedh,1
maga,siliconvalley,1
maga,madameadeie,1
maga,everydaysexism,1
maga,christianeamanpour,1
maga,blackmedia,1
maga,letsroll,1
maga,hillarylied,1
maga,jimmykimmel,1
maga,roseanne,1
maga,lyinobama,1
maga,oppression,1
maga,fast,1
maga,spin,1
maga,trumpsavesusa,1
maga,tdraintheswamp,1
maga,aca,1
maga,vtpoli,1
maga,awakening,1
maga,rel,1
maga,dctraitors,1
maga,racialprofiling,1
maga,undecided2016,1
maga,ipardonmyself,1
maga,grifters,1
maga,ouvsisu,1
maga,kasichisatraitor,1
maga,youlosehillary,1
maga,throwbackthursday,1
maga,hillarytreason,1
maga,soldiers,1
maga,trumpcult,1
maga,trenton,1
maga,loveliz,1
maga,payola,1
maga,werallequal,1
maga,lasen,1
maga,bills,1
maga,warmism,1
maga,fightforusa,1
maga,afd,1
maga,podesta13,1
maga,trumpinnc,1
maga,misogyny,1
maga,manchester,1
maga,theeconomist,1
maga,hillaryfitsinprison,1
maga,college,1
maga,texit,1
maga,keepitreal,1
maga,canigetanamen,1
maga,rig,1
maga,hillaryclintoncorruption,1
maga,caca,1
maga,demplantation,1
maga,donaldtrumpimwither,1
maga,rip,1
maga,spoiler,1
maga,julianasange,1
maga,cowboys,1
maga,contractwithamerica,1
maga,movetocanada,1
maga,deliverusfromevil,1
maga,butchofbenghazi,1
maga,thanksobama,1
maga,system,1
maga,liamd,1
maga,myvotecounts,1
maga,eyeroll,1
maga,trumpampmagavets,1
maga,drainworldsswamp,1
maga,thursdaytreat,1
maga,saveusa,1
maga,thatrepublicanunderstandsmyproblems,1
maga,hillarylooksgoodinorange,1
maga,haitirelief,1
maga,jesuss,1
maga,aicaie,1
maga,corruptlyingcoveruphillary,1
maga,arrestobamanowmaga,1
maga,degeneracy,1
maga,nosharia,1
maga,jews,1
maga,altrig,1
maga,nomobama,1
maga,criminalclintons,1
maga,sosad,1
maga,sociopath,1
maga,iamwithmelania,1
maga,paulrevere,1
maga,meditation,1
maga,grabpussy,1
maga,points,1
maga,unfittoserve,1
maga,elderecho,1
maga,themuppets,1
maga,fbigate,1
maga,chasingamy,1
maga,paintitred,1
maga,read,1
maga,cleanthewhitehouse,1
maga,alreadyvotedtrump,1
maga,turnmnred,1
maga,hillyeah,1
maga,real,1
maga,admission,1
maga,grandjury,1
maga,stephencolbert,1
maga,unit,1
maga,rnr,1
maga,prayers,1
maga,alaskans,1
maga,boycottthenfl,1
maga,hilllaryindicment,1
maga,nevercruz,1
maga,equalrights,1
maga,rigyourelection,1
maga,guilt,1
maga,finand,1
maga,proisrael,1
maga,doyourpart,1
maga,makeamericagrateagain,1
maga,fuckthenra,1
maga,heswithyou,1
maga,trumpforpresi,1
maga,prostitution,1
maga,dncbribes,1
maga,respecttheanthem,1
maga,bringitdunce,1
maga,stayathome,1
maga,resort,1
maga,nocheck,1
maga,pedophila,1
maga,sleepinggiant,1
maga,helpamishgettopolls,1
maga,reed,1
maga,notmyfirstlady,1
maga,trumpcelebrityrehab,1
maga,trendingtrump,1
maga,conmandon,1
maga,fuckisis,1
maga,photography,1
maga,defeatgop,1
maga,dublin,1
maga,makeaplan,1
maga,islamkills,1
maga,crnc,1
maga,obamacares,1
maga,hillaryforp,1
maga,grace,1
maga,broken,1
maga,obozos,1
maga,trumpinaz,1
maga,hillaryacceptscashfromsaudimurderersof911,1
maga,trumpy,1
maga,draftdodgerdonny,1
maga,michaelmoore,1
maga,saynotogroping,1
maga,asi,1
maga,byebyeobamas,1
maga,strength,1
maga,medalofhonorwinners,1
maga,4chan,1
maga,getoutthetrumpvote,1
maga,shiprock,1
maga,kalamazoo,1
maga,enoughisenough,1
maga,righttolife,1
maga,whitemotivation,1
maga,deadbrokehillary,1
maga,floridagop,1
maga,changethechannel,1
maga,jfk,1
maga,thomasjefferson,1
maga,grownupsforhillary,1
maga,captainxscapxsxs,1
maga,fallbackonehour,1
maga,nastywomenvote,1
maga,indexes,1
maga,hillaystool,1
maga,clintonfatique,1
maga,ryanthereason,1
maga,cyberbully,1
maga,congress2016,1
maga,clintonwh,1
maga,accountabilitymsm,1
maga,incestuous,1
maga,thebluesbrothers,1
maga,withgodshelp,1
maga,7da,1
maga,killhills,1
maga,sjwscum,1
maga,worstpresidentever,1
maga,hillaryhasdementia,1
maga,dontlethimhaveit,1
maga,politicaldisney,1
maga,clintoncrimefamilyinc,1
maga,jil,1
maga,amnesty,1
maga,trumpfear,1
maga,dogsoftwitter,1
maga,billclintoncosby,1
maga,epic,1
maga,13hours,1
maga,firstladymelania,1
maga,rogerstone,1
maga,sonsofjacob,1
maga,northcarollina,1
maga,golddigger,1
maga,boxofchocolates,1
maga,votegop,1
maga,uselections,1
maga,overwhelmthepolls,1
maga,Ñ‚Ñ€_°___¿,1
maga,madam,1
maga,proudparent,1
maga,criminals,1
maga,adulterous,1
maga,10lettuce,1
maga,protect,1
maga,puregold,1
maga,msmhack,1
maga,mittromney,1
maga,jaketapper,1
maga,newjingle,1
maga,onboardthetrumptrain,1
maga,disconnectfromthematrix,1
maga,theestablishmentsucks,1
maga,americalovestrump,1
maga,iwillvote,1
maga,bigleaguety,1
maga,techsupport,1
maga,husker,1
maga,blacks4clinton,1
maga,ratswillfleetheship,1
maga,hitthebricks,1
maga,hillarykaine,1
maga,johngrishamtypeshit,1
maga,democratsfortrump,1
maga,podestaleak,1
maga,kind,1
maga,happywarriors,1
maga,groundgameplease,1
maga,bernievotes,1
maga,tarheels,1
maga,itaintrocketscience,1
maga,leftists,1
maga,isitoveryet,1
maga,investigations,1
maga,americanpatriots,1
maga,drainthswamp,1
maga,trolls,1
maga,powerinnumbers,1
maga,browardcounty,1
maga,mondaymotivation,1
maga,patient,1
maga,pleasego,1
maga,terminalcancer,1
maga,sheep,1
maga,stoptheleeches,1
maga,idowutiwant,1
maga,haters,1
maga,biden,1
maga,profamily,1
maga,yahwehoccultist,1
maga,investigation,1
maga,flythew,1
maga,makeamericaclintonfreeagain,1
maga,ghbtp,1
maga,hypocritical,1
maga,illner,1
maga,orsomeshit,1
maga,delco,1
maga,nevertrumpchump,1
maga,ukcolumn,1
maga,cubsvsindians,1
maga,azsen,1
maga,cattlegate,1
maga,melaniaide,1
maga,missingthepoint,1
maga,hillaryindicement,1
maga,molly,1
maga,pussygropinghusband,1
maga,breakthe2partytrap,1
maga,bbn,1
maga,clintonklan,1
maga,dailyshow,1
maga,globe,1
maga,safespace,1
maga,secureborders,1
maga,abuse,1
maga,prowomen,1
maga,cesspoolofcorruption,1
maga,projectrunway,1
maga,presidentclinton,1
maga,weimerica,1
maga,ttot,1
maga,evalion,1
maga,marriedtomedicine,1
maga,garyjohnsonforpresident,1
maga,timetocomehome,1
maga,drythecesspool,1
maga,whiteman,1
maga,abovelaw,1
maga,awesome,1
maga,nov5th,1
maga,visa,1
maga,obenshain,1
maga,lyingtrump,1
maga,jobless,1
maga,constitution2a,1
maga,ben,1
maga,thereisnotomorrow,1
maga,france,1
maga,rigging,1
maga,wikeleaks,1
maga,feckineejit,1
maga,saynotobullys,1
maga,neverforgetourbenghazi4,1
maga,womenshealth,1
maga,niceampeasytrump,1
maga,potusmaga,1
maga,americangets,1
maga,wikileaksemail,1
maga,killery,1
maga,withhershe,1
maga,flytrap,1
maga,ifwetradedlives,1
maga,valeriejarrett,1
maga,scoamf,1
maga,cheaterhillary,1
maga,undermined,1
maga,oven,1
maga,FALSE,1
maga,hillaryindictmnet,1
maga,southernoregon,1
maga,thursdaymotivation,1
maga,scandalousbitch,1
maga,650000emails,1
maga,trumpmadehillarypresident,1
maga,atheism,1
maga,bik,1
maga,thankful,1
maga,cycling,1
maga,fiorina,1
maga,atheist,1
maga,hewouldknow,1
maga,thanks,1
maga,compulsive,1
maga,gofreebiafra,1
maga,criminalclinton,1
maga,gottahave,1
maga,999,1
maga,repost,1
maga,waarlnyhbt,1
maga,cnncheated,1
maga,usnavypatriot,1
maga,endthecorruption,1
maga,weekend,1
maga,lockherupamerica,1
maga,smm,1
maga,patriotfbi,1
maga,imwithhet,1
maga,urgent,1
maga,makeamericahateagain,1
maga,moralcompass,1
maga,trumpsupportersareinbred,1
maga,latinovoters,1
maga,quidproquo,1
maga,riggedjustice,1
maga,blu,1
maga,hillaryhealth,1
maga,snl,1
maga,bacon,1
maga,clintonmeltddown,1
maga,wordserieschampionchicagocubs,1
maga,votingfortrump,1
maga,drudgereportwikileaks,1
maga,angel,1
maga,weneedyou,1
maga,juanwilliams,1
maga,likeneverbefore,1
maga,trumpscalling,1
maga,badjudgement,1
maga,grabembythepussy,1
maga,podestaindictment,1
maga,boycotthollywood,1
maga,speakfreely,1
maga,hisnamewassethrich,1
maga,handcuffs,1
maga,americanmen,1
maga,exdemindependentwomanfortrump,1
maga,pedophilenetwork,1
maga,endofdays,1
maga,thisdayinhistory,1
maga,mediapimps,1
maga,oregon,1
maga,nevernastydems,1
maga,boo,1
maga,trump4president,1
maga,trumppencela,1
maga,trumpshirt,1
maga,racial,1
maga,cleantheswamp,1
maga,nevertrumpnitwits,1
maga,secondamendment,1
maga,foreignpolicyfailures,1
maga,fbisupportstrump,1
maga,leftoverpeople,1
maga,brexitmeansbrexit,1
maga,teamtrum,1
maga,rednatio,1
maga,youwillneverbepresident,1
maga,boycotttrumphotels,1
maga,latinosforhillary,1
maga,ames,1
maga,thrustkick,1
maga,hillsborough,1
maga,corruptionofjustice,1
maga,hedidnthavetodoit,1
maga,sikh,1
maga,makeamericasmartagain,1
maga,policespttrump,1
maga,tinafey,1
maga,radicalislam,1
maga,drainthiscancerousswamp,1
maga,depl,1
maga,clashdailyhttpstcohdaz3qca6y,1
maga,iamwithyou,1
maga,reddit,1
maga,118,1
maga,betamales,1
maga,berwyn,1
maga,theclintons,1
maga,womanandchildren,1
maga,nobalance,1
maga,thewall,1
maga,whitepower,1
maga,proudmomma,1
maga,str,1
maga,kellyanne,1
maga,129,1
maga,clintonniece,1
maga,liesanddeceit,1
maga,usmilitary,1
maga,130,1
maga,131,1
maga,kek,1
maga,artists,1
maga,littlemarco,1
maga,surreal,1
maga,lyingcrookedhillaryrottenclinton,1
maga,untrustworthy,1
maga,boobtube,1
maga,140,1
maga,bluedevils,1
maga,realstory,1
maga,glenbeck,1
maga,bui,1
maga,draintheswampamp,1
maga,hallelujah,1
maga,wtplovetrump,1
maga,pghtech50,1
maga,endthecurse,1
maga,adeleparody,1
maga,mostpresidentialcoupleevermostpresidentialfamilyever,1
maga,crookedpoliticians,1
maga,zero,1
maga,antiamerican,1
maga,tytlive,1
maga,melaniatrumpspeeches,1
maga,evenherfamilyhatesher,1
maga,gooddeeds,1
maga,hal4trump,1
maga,gr8zero,1
maga,besafe,1
maga,freespeech,1
maga,msmbias,1
maga,merkelmussweg,1
maga,restoreintegrity,1
maga,vet4trump,1
maga,wakingup,1
maga,bluew,1
maga,nanowrimo2016,1
maga,michiganstate,1
maga,trolltheestablishment,1
maga,hillaryisaterrorist,1
maga,patriotsunited,1
maga,colorado4trump,1
maga,lyingbitch,1
maga,fencesitters,1
maga,mittenstate4trump,1
maga,lowandlower,1
maga,thepinkbehindthethinblueline,1
maga,closetsarefull,1
maga,johnashe,1
maga,pensacola,1
maga,thelist,1
maga,wethepeo,1
maga,hillaryandhumaforprison,1
maga,teneo,1
maga,rncle,1
maga,nobody,1
maga,whitehousebound,1
maga,stayonmessage,1
maga,highlander,1
maga,imwithhereveryone,1
maga,ourpotus,1
maga,towelcharms4all,1
maga,ivotedtrump,1
maga,stopandfrisk,1
maga,jeopardy,1
maga,freedredge,1
maga,behghazi,1
maga,humaemails,1
maga,imwithhercan,1
maga,usedtobedem,1
maga,philadelphi,1
maga,jonstewart,1
maga,napolitano,1
maga,alumnistories,1
maga,clintoncollapse,1
maga,progressiveeducation,1
maga,goblue,1
maga,leak,1
maga,epictrumpguy,1
maga,trumptapes,1
maga,raceisclose,1
maga,makeamericarichagain,1
maga,fbimwithher,1
maga,safeagain,1
maga,informed,1
maga,sickening,1
maga,hillaryforpriosion,1
maga,trumporbust,1
maga,twisted,1
maga,truepatriots,1
maga,indictloretta,1
maga,lovewins,1
maga,religionofp,1
maga,bringkindnesstodc,1
maga,ahhskiski,1
maga,alabamawomen,1
maga,crookedhillary4prison,1
maga,bombs,1
maga,worldserieswin,1
maga,electionpolls,1
maga,itsover,1
maga,globalists,1
maga,drainthesawmp,1
maga,savethedayvote,1
maga,only,1
maga,terroristicthreats,1
maga,bitch,1
maga,hillaryamerica,1
maga,codered,1
maga,ronpaul,1
maga,trump4vets,1
maga,45thpotus,1
maga,paidaudience,1
maga,smithfield,1
maga,swampevacuees2016,1
maga,arrestobama,1
maga,paris,1
maga,kadzikgate,1
maga,trevornoah,1
maga,thesimpsons,1
maga,gopimplosion,1
maga,hillaryprison,1
maga,bundys,1
maga,dickerbill,1